feature_id,feature_type,gene_symbol,mutation,element_name,reference_accession,element_type,element_subtype,drug_class,drug_subclass,source_columns
gene::aac(2')-Ic,gene,aac(2')-Ic,,aminoglycoside N-acetyltransferase AAC(2')-Ic,WP_003899880.1,AMR,AMR,AMINOGLYCOSIDE,GENTAMICIN/TOBRAMYCIN,"[""Name"", ""Protein id"", ""Contig id"", ""Start"", ""Stop"", ""Strand"", ""Element symbol"", ""Element name"", ""Scope"", ""Type"", ""Subtype"", ""Class"", ""Subclass"", ""Method"", ""Target length"", ""Reference sequence length"", ""% Coverage of reference"", ""% Identity to reference"", ""Alignment length"", ""Closest reference accession"", ""Closest reference name"", ""HMM accession"", ""HMM description""]"
gene::aac(6')-Ie/aph(2'')-Ia,gene,aac(6')-Ie/aph(2'')-Ia,,bifunctional aminoglycoside N-acetyltransferase AAC(6')-Ie/aminoglycoside O-phosphotransferase APH(2'')-Ia,WP_001028144.1,AMR,AMR,AMINOGLYCOSIDE,AMIKACIN/GENTAMICIN/KANAMYCIN/TOBRAMYCIN,"[""Name"", ""Protein id"", ""Contig id"", ""Start"", ""Stop"", ""Strand"", ""Element symbol"", ""Element name"", ""Scope"", ""Type"", ""Subtype"", ""Class"", ""Subclass"", ""Method"", ""Target length"", ""Reference sequence length"", ""% Coverage of reference"", ""% Identity to reference"", ""Alignment length"", ""Closest reference accession"", ""Closest reference name"", ""HMM accession"", ""HMM description""]"
gene::aadD1,gene,aadD1,,aminoglycoside O-nucleotidyltransferase ANT(4')-Ia,WP_001014230.1,AMR,AMR,AMINOGLYCOSIDE,KANAMYCIN/TOBRAMYCIN,"[""Name"", ""Protein id"", ""Contig id"", ""Start"", ""Stop"", ""Strand"", ""Element symbol"", ""Element name"", ""Scope"", ""Type"", ""Subtype"", ""Class"", ""Subclass"", ""Method"", ""Target length"", ""Reference sequence length"", ""% Coverage of reference"", ""% Identity to reference"", ""Alignment length"", ""Closest reference accession"", ""Closest reference name"", ""HMM accession"", ""HMM description""]"
gene::ant(6)-Ia,gene,ant(6)-Ia,,aminoglycoside nucleotidyltransferase ANT(6)-Ia,WP_001255866.1,AMR,AMR,AMINOGLYCOSIDE,STREPTOMYCIN,"[""Name"", ""Protein id"", ""Contig id"", ""Start"", ""Stop"", ""Strand"", ""Element symbol"", ""Element name"", ""Scope"", ""Type"", ""Subtype"", ""Class"", ""Subclass"", ""Method"", ""Target length"", ""Reference sequence length"", ""% Coverage of reference"", ""% Identity to reference"", ""Alignment length"", ""Closest reference accession"", ""Closest reference name"", ""HMM accession"", ""HMM description""]"
gene::ant(9)-Ia,gene,ant(9)-Ia,,aminoglycoside nucleotidyltransferase ANT(9)-Ia,WP_000067268.1,AMR,AMR,AMINOGLYCOSIDE,SPECTINOMYCIN,"[""Name"", ""Protein id"", ""Contig id"", ""Start"", ""Stop"", ""Strand"", ""Element symbol"", ""Element name"", ""Scope"", ""Type"", ""Subtype"", ""Class"", ""Subclass"", ""Method"", ""Target length"", ""Reference sequence length"", ""% Coverage of reference"", ""% Identity to reference"", ""Alignment length"", ""Closest reference accession"", ""Closest reference name"", ""HMM accession"", ""HMM description""]"
gene::aph(3')-IIIa,gene,aph(3')-IIIa,,aminoglycoside O-phosphotransferase APH(3')-IIIa,WP_001096887.1,AMR,AMR,AMINOGLYCOSIDE,AMIKACIN/KANAMYCIN,"[""Name"", ""Protein id"", ""Contig id"", ""Start"", ""Stop"", ""Strand"", ""Element symbol"", ""Element name"", ""Scope"", ""Type"", ""Subtype"", ""Class"", ""Subclass"", ""Method"", ""Target length"", ""Reference sequence length"", ""% Coverage of reference"", ""% Identity to reference"", ""Alignment length"", ""Closest reference accession"", ""Closest reference name"", ""HMM accession"", ""HMM description""]"
gene::apmA,gene,apmA,,aminocyclitol acetyltransferase ApmA,WP_015059965.1,AMR,AMR,AMINOGLYCOSIDE,APRAMYCIN,"[""Name"", ""Protein id"", ""Contig id"", ""Start"", ""Stop"", ""Strand"", ""Element symbol"", ""Element name"", ""Scope"", ""Type"", ""Subtype"", ""Class"", ""Subclass"", ""Method"", ""Target length"", ""Reference sequence length"", ""% Coverage of reference"", ""% Identity to reference"", ""Alignment length"", ""Closest reference accession"", ""Closest reference name"", ""HMM accession"", ""HMM description""]"
gene::blaC,gene,blaC,,class A beta-lactamase BlaC,WP_003410677.1,AMR,AMR,BETA-LACTAM,BETA-LACTAM,"[""Name"", ""Protein id"", ""Contig id"", ""Start"", ""Stop"", ""Strand"", ""Element symbol"", ""Element name"", ""Scope"", ""Type"", ""Subtype"", ""Class"", ""Subclass"", ""Method"", ""Target length"", ""Reference sequence length"", ""% Coverage of reference"", ""% Identity to reference"", ""Alignment length"", ""Closest reference accession"", ""Closest reference name"", ""HMM accession"", ""HMM description""]"
gene::blaI,gene,blaI,,penicillinase repressor BlaI,WP_001284656.1,AMR,AMR,BETA-LACTAM,BETA-LACTAM,"[""Name"", ""Protein id"", ""Contig id"", ""Start"", ""Stop"", ""Strand"", ""Element symbol"", ""Element name"", ""Scope"", ""Type"", ""Subtype"", ""Class"", ""Subclass"", ""Method"", ""Target length"", ""Reference sequence length"", ""% Coverage of reference"", ""% Identity to reference"", ""Alignment length"", ""Closest reference accession"", ""Closest reference name"", ""HMM accession"", ""HMM description""]"
gene::blaPC1,gene,blaPC1,,BlaZ family penicillin-hydrolyzing class A beta-lactamase PC1,WP_000733283.1,AMR,AMR,BETA-LACTAM,BETA-LACTAM,"[""Name"", ""Protein id"", ""Contig id"", ""Start"", ""Stop"", ""Strand"", ""Element symbol"", ""Element name"", ""Scope"", ""Type"", ""Subtype"", ""Class"", ""Subclass"", ""Method"", ""Target length"", ""Reference sequence length"", ""% Coverage of reference"", ""% Identity to reference"", ""Alignment length"", ""Closest reference accession"", ""Closest reference name"", ""HMM accession"", ""HMM description""]"
gene::blaR1,gene,blaR1,,beta-lactam sensor/signal transducer BlaR1,WP_001096386.1,AMR,AMR,BETA-LACTAM,BETA-LACTAM,"[""Name"", ""Protein id"", ""Contig id"", ""Start"", ""Stop"", ""Strand"", ""Element symbol"", ""Element name"", ""Scope"", ""Type"", ""Subtype"", ""Class"", ""Subclass"", ""Method"", ""Target length"", ""Reference sequence length"", ""% Coverage of reference"", ""% Identity to reference"", ""Alignment length"", ""Closest reference accession"", ""Closest reference name"", ""HMM accession"", ""HMM description""]"
gene::blaTEM-116,gene,blaTEM-116,,broad-spectrum class A beta-lactamase TEM-116,WP_000027050.1,AMR,AMR,BETA-LACTAM,BETA-LACTAM,"[""Name"", ""Protein id"", ""Contig id"", ""Start"", ""Stop"", ""Strand"", ""Element symbol"", ""Element name"", ""Scope"", ""Type"", ""Subtype"", ""Class"", ""Subclass"", ""Method"", ""Target length"", ""Reference sequence length"", ""% Coverage of reference"", ""% Identity to reference"", ""Alignment length"", ""Closest reference accession"", ""Closest reference name"", ""HMM accession"", ""HMM description""]"
gene::blaZ,gene,blaZ,,penicillin-hydrolyzing class A beta-lactamase BlaZ,WP_000733281.1,AMR,AMR,BETA-LACTAM,BETA-LACTAM,"[""Name"", ""Protein id"", ""Contig id"", ""Start"", ""Stop"", ""Strand"", ""Element symbol"", ""Element name"", ""Scope"", ""Type"", ""Subtype"", ""Class"", ""Subclass"", ""Method"", ""Target length"", ""Reference sequence length"", ""% Coverage of reference"", ""% Identity to reference"", ""Alignment length"", ""Closest reference accession"", ""Closest reference name"", ""HMM accession"", ""HMM description""]"
gene::bleO,gene,bleO,,bleomycin binding protein,WP_001242578.1,AMR,AMR,BLEOMYCIN,BLEOMYCIN,"[""Name"", ""Protein id"", ""Contig id"", ""Start"", ""Stop"", ""Strand"", ""Element symbol"", ""Element name"", ""Scope"", ""Type"", ""Subtype"", ""Class"", ""Subclass"", ""Method"", ""Target length"", ""Reference sequence length"", ""% Coverage of reference"", ""% Identity to reference"", ""Alignment length"", ""Closest reference accession"", ""Closest reference name"", ""HMM accession"", ""HMM description""]"
gene::catA,gene,catA,,type A-8 chloramphenicol O-acetyltransferase,WP_002352254.1,AMR,AMR,PHENICOL,CHLORAMPHENICOL,"[""Name"", ""Protein id"", ""Contig id"", ""Start"", ""Stop"", ""Strand"", ""Element symbol"", ""Element name"", ""Scope"", ""Type"", ""Subtype"", ""Class"", ""Subclass"", ""Method"", ""Target length"", ""Reference sequence length"", ""% Coverage of reference"", ""% Identity to reference"", ""Alignment length"", ""Closest reference accession"", ""Closest reference name"", ""HMM accession"", ""HMM description""]"
gene::cfr,gene,cfr,,23S rRNA (adenine(2503)-C(8))-methyltransferase Cfr,WP_001010505.1,AMR,AMR,LINCOSAMIDE/OXAZOLIDINONE/PHENICOL/PLEUROMUTILIN/STREPTOGRAMIN,CHLORAMPHENICOL/CLINDAMYCIN/FLORFENICOL/LINEZOLID/STREPTOGRAMIN B/TIAMULIN/VIRGINIAMYCIN,"[""Name"", ""Protein id"", ""Contig id"", ""Start"", ""Stop"", ""Strand"", ""Element symbol"", ""Element name"", ""Scope"", ""Type"", ""Subtype"", ""Class"", ""Subclass"", ""Method"", ""Target length"", ""Reference sequence length"", ""% Coverage of reference"", ""% Identity to reference"", ""Alignment length"", ""Closest reference accession"", ""Closest reference name"", ""HMM accession"", ""HMM description""]"
gene::dfrE,gene,dfrE,,trimethoprim-resistant dihydrofolate reductase DfrE,WP_012655890.1,AMR,AMR,TRIMETHOPRIM,TRIMETHOPRIM,"[""Name"", ""Protein id"", ""Contig id"", ""Start"", ""Stop"", ""Strand"", ""Element symbol"", ""Element name"", ""Scope"", ""Type"", ""Subtype"", ""Class"", ""Subclass"", ""Method"", ""Target length"", ""Reference sequence length"", ""% Coverage of reference"", ""% Identity to reference"", ""Alignment length"", ""Closest reference accession"", ""Closest reference name"", ""HMM accession"", ""HMM description""]"
gene::dfrF,gene,dfrF,,trimethoprim-resistant dihydrofolate reductase DfrF,WP_002322211.1,AMR,AMR,TRIMETHOPRIM,TRIMETHOPRIM,"[""Name"", ""Protein id"", ""Contig id"", ""Start"", ""Stop"", ""Strand"", ""Element symbol"", ""Element name"", ""Scope"", ""Type"", ""Subtype"", ""Class"", ""Subclass"", ""Method"", ""Target length"", ""Reference sequence length"", ""% Coverage of reference"", ""% Identity to reference"", ""Alignment length"", ""Closest reference accession"", ""Closest reference name"", ""HMM accession"", ""HMM description""]"
gene::dfrG,gene,dfrG,,trimethoprim-resistant dihydrofolate reductase DfrG,WP_000868795.1,AMR,AMR,TRIMETHOPRIM,TRIMETHOPRIM,"[""Name"", ""Protein id"", ""Contig id"", ""Start"", ""Stop"", ""Strand"", ""Element symbol"", ""Element name"", ""Scope"", ""Type"", ""Subtype"", ""Class"", ""Subclass"", ""Method"", ""Target length"", ""Reference sequence length"", ""% Coverage of reference"", ""% Identity to reference"", ""Alignment length"", ""Closest reference accession"", ""Closest reference name"", ""HMM accession"", ""HMM description""]"
gene::dfrK,gene,dfrK,,trimethoprim-resistant dihydrofolate reductase DfrK,WP_031775848.1,AMR,AMR,TRIMETHOPRIM,TRIMETHOPRIM,"[""Name"", ""Protein id"", ""Contig id"", ""Start"", ""Stop"", ""Strand"", ""Element symbol"", ""Element name"", ""Scope"", ""Type"", ""Subtype"", ""Class"", ""Subclass"", ""Method"", ""Target length"", ""Reference sequence length"", ""% Coverage of reference"", ""% Identity to reference"", ""Alignment length"", ""Closest reference accession"", ""Closest reference name"", ""HMM accession"", ""HMM description""]"
gene::dfrS1,gene,dfrS1,,trimethoprim-resistant dihydrofolate reductase DfrS1,WP_000175735.1,AMR,AMR,TRIMETHOPRIM,TRIMETHOPRIM,"[""Name"", ""Protein id"", ""Contig id"", ""Start"", ""Stop"", ""Strand"", ""Element symbol"", ""Element name"", ""Scope"", ""Type"", ""Subtype"", ""Class"", ""Subclass"", ""Method"", ""Target length"", ""Reference sequence length"", ""% Coverage of reference"", ""% Identity to reference"", ""Alignment length"", ""Closest reference accession"", ""Closest reference name"", ""HMM accession"", ""HMM description""]"
gene::erm(37),gene,erm(37),,23S rRNA (adenine(2058)-N(6))-methyltransferase Erm(37),WP_003900446.1,AMR,AMR,LINCOSAMIDE/MACROLIDE,AZITHROMYCIN/CLARITHROMYCIN/CLINDAMYCIN/ERYTHROMYCIN/TELITHROMYCIN,"[""Name"", ""Protein id"", ""Contig id"", ""Start"", ""Stop"", ""Strand"", ""Element symbol"", ""Element name"", ""Scope"", ""Type"", ""Subtype"", ""Class"", ""Subclass"", ""Method"", ""Target length"", ""Reference sequence length"", ""% Coverage of reference"", ""% Identity to reference"", ""Alignment length"", ""Closest reference accession"", ""Closest reference name"", ""HMM accession"", ""HMM description""]"
gene::erm(A),gene,erm(A),,23S rRNA (adenine(2058)-N(6))-methyltransferase Erm(A),WP_001072201.1,AMR,AMR,LINCOSAMIDE/MACROLIDE,AZITHROMYCIN/CLARITHROMYCIN/CLINDAMYCIN/ERYTHROMYCIN/TELITHROMYCIN,"[""Name"", ""Protein id"", ""Contig id"", ""Start"", ""Stop"", ""Strand"", ""Element symbol"", ""Element name"", ""Scope"", ""Type"", ""Subtype"", ""Class"", ""Subclass"", ""Method"", ""Target length"", ""Reference sequence length"", ""% Coverage of reference"", ""% Identity to reference"", ""Alignment length"", ""Closest reference accession"", ""Closest reference name"", ""HMM accession"", ""HMM description""]"
gene::erm(B),gene,erm(B),,23S rRNA (adenine(2058)-N(6))-methyltransferase Erm(B),WP_001038790.1,AMR,AMR,LINCOSAMIDE/MACROLIDE/STREPTOGRAMIN,CLINDAMYCIN/ERYTHROMYCIN/STREPTOGRAMIN B,"[""Name"", ""Protein id"", ""Contig id"", ""Start"", ""Stop"", ""Strand"", ""Element symbol"", ""Element name"", ""Scope"", ""Type"", ""Subtype"", ""Class"", ""Subclass"", ""Method"", ""Target length"", ""Reference sequence length"", ""% Coverage of reference"", ""% Identity to reference"", ""Alignment length"", ""Closest reference accession"", ""Closest reference name"", ""HMM accession"", ""HMM description""]"
gene::erm(C),gene,erm(C),,23S rRNA (adenine(2058)-N(6))-methyltransferase Erm(C),WP_001003263.1,AMR,AMR,LINCOSAMIDE/MACROLIDE/STREPTOGRAMIN,CLINDAMYCIN/ERYTHROMYCIN/STREPTOGRAMIN B/TYLOSIN,"[""Name"", ""Protein id"", ""Contig id"", ""Start"", ""Stop"", ""Strand"", ""Element symbol"", ""Element name"", ""Scope"", ""Type"", ""Subtype"", ""Class"", ""Subclass"", ""Method"", ""Target length"", ""Reference sequence length"", ""% Coverage of reference"", ""% Identity to reference"", ""Alignment length"", ""Closest reference accession"", ""Closest reference name"", ""HMM accession"", ""HMM description""]"
gene::erm(T),gene,erm(T),,23S rRNA (adenine(2058)-N(6))-methyltransferase Erm(T),WP_002345002.1,AMR,AMR,LINCOSAMIDE/MACROLIDE/STREPTOGRAMIN,ERYTHROMYCIN/LINCOSAMIDE/STREPTOGRAMIN/TYLOSIN,"[""Name"", ""Protein id"", ""Contig id"", ""Start"", ""Stop"", ""Strand"", ""Element symbol"", ""Element name"", ""Scope"", ""Type"", ""Subtype"", ""Class"", ""Subclass"", ""Method"", ""Target length"", ""Reference sequence length"", ""% Coverage of reference"", ""% Identity to reference"", ""Alignment length"", ""Closest reference accession"", ""Closest reference name"", ""HMM accession"", ""HMM description""]"
gene::fexA,gene,fexA,,chloramphenicol/florfenicol efflux MFS transporter FexA,WP_015585966.1,AMR,AMR,PHENICOL,CHLORAMPHENICOL/FLORFENICOL,"[""Name"", ""Protein id"", ""Contig id"", ""Start"", ""Stop"", ""Strand"", ""Element symbol"", ""Element name"", ""Scope"", ""Type"", ""Subtype"", ""Class"", ""Subclass"", ""Method"", ""Target length"", ""Reference sequence length"", ""% Coverage of reference"", ""% Identity to reference"", ""Alignment length"", ""Closest reference accession"", ""Closest reference name"", ""HMM accession"", ""HMM description""]"
gene::fosB,gene,fosB,,FosB/FosD family fosfomycin resistance bacillithiol transferase,WP_000920239.1,AMR,AMR,FOSFOMYCIN,FOSFOMYCIN,"[""Name"", ""Protein id"", ""Contig id"", ""Start"", ""Stop"", ""Strand"", ""Element symbol"", ""Element name"", ""Scope"", ""Type"", ""Subtype"", ""Class"", ""Subclass"", ""Method"", ""Target length"", ""Reference sequence length"", ""% Coverage of reference"", ""% Identity to reference"", ""Alignment length"", ""Closest reference accession"", ""Closest reference name"", ""HMM accession"", ""HMM description""]"
gene::fosB1,gene,fosB1,,fosfomycin resistance bacillithiol transferase FosB1,WP_011276918.1,AMR,AMR,FOSFOMYCIN,FOSFOMYCIN,"[""Name"", ""Protein id"", ""Contig id"", ""Start"", ""Stop"", ""Strand"", ""Element symbol"", ""Element name"", ""Scope"", ""Type"", ""Subtype"", ""Class"", ""Subclass"", ""Method"", ""Target length"", ""Reference sequence length"", ""% Coverage of reference"", ""% Identity to reference"", ""Alignment length"", ""Closest reference accession"", ""Closest reference name"", ""HMM accession"", ""HMM description""]"
gene::fosB4,gene,fosB4,,fosfomycin resistance bacillithiol transferase FosB4,WP_053032028.1,AMR,AMR,FOSFOMYCIN,FOSFOMYCIN,"[""Name"", ""Protein id"", ""Contig id"", ""Start"", ""Stop"", ""Strand"", ""Element symbol"", ""Element name"", ""Scope"", ""Type"", ""Subtype"", ""Class"", ""Subclass"", ""Method"", ""Target length"", ""Reference sequence length"", ""% Coverage of reference"", ""% Identity to reference"", ""Alignment length"", ""Closest reference accession"", ""Closest reference name"", ""HMM accession"", ""HMM description""]"
gene::fosY,gene,fosY,,fosfomycin resistance bacillithiol transferase FosY,WP_072419811.1,AMR,AMR,FOSFOMYCIN,FOSFOMYCIN,"[""Name"", ""Protein id"", ""Contig id"", ""Start"", ""Stop"", ""Strand"", ""Element symbol"", ""Element name"", ""Scope"", ""Type"", ""Subtype"", ""Class"", ""Subclass"", ""Method"", ""Target length"", ""Reference sequence length"", ""% Coverage of reference"", ""% Identity to reference"", ""Alignment length"", ""Closest reference accession"", ""Closest reference name"", ""HMM accession"", ""HMM description""]"
gene::fusB,gene,fusB,,fusidic acid resistance EF-G-binding protein FusB,WP_000855537.1,AMR,AMR,FUSIDIC ACID,FUSIDIC ACID,"[""Name"", ""Protein id"", ""Contig id"", ""Start"", ""Stop"", ""Strand"", ""Element symbol"", ""Element name"", ""Scope"", ""Type"", ""Subtype"", ""Class"", ""Subclass"", ""Method"", ""Target length"", ""Reference sequence length"", ""% Coverage of reference"", ""% Identity to reference"", ""Alignment length"", ""Closest reference accession"", ""Closest reference name"", ""HMM accession"", ""HMM description""]"
gene::fusC,gene,fusC,,fusidic acid resistance EF-G-binding protein FusC,WP_001033157.1,AMR,AMR,FUSIDIC ACID,FUSIDIC ACID,"[""Name"", ""Protein id"", ""Contig id"", ""Start"", ""Stop"", ""Strand"", ""Element symbol"", ""Element name"", ""Scope"", ""Type"", ""Subtype"", ""Class"", ""Subclass"", ""Method"", ""Target length"", ""Reference sequence length"", ""% Coverage of reference"", ""% Identity to reference"", ""Alignment length"", ""Closest reference accession"", ""Closest reference name"", ""HMM accession"", ""HMM description""]"
gene::lnu(A),gene,lnu(A),,lincosamide nucleotidyltransferase Lnu(A),WP_001829870.1,AMR,AMR,LINCOSAMIDE,LINCOSAMIDE,"[""Name"", ""Protein id"", ""Contig id"", ""Start"", ""Stop"", ""Strand"", ""Element symbol"", ""Element name"", ""Scope"", ""Type"", ""Subtype"", ""Class"", ""Subclass"", ""Method"", ""Target length"", ""Reference sequence length"", ""% Coverage of reference"", ""% Identity to reference"", ""Alignment length"", ""Closest reference accession"", ""Closest reference name"", ""HMM accession"", ""HMM description""]"
gene::lnu(A)',gene,lnu(A)',,lincosamide nucleotidyltransferase Lnu(A)',WP_011428879.1,AMR,AMR,LINCOSAMIDE,LINCOSAMIDE,"[""Name"", ""Protein id"", ""Contig id"", ""Start"", ""Stop"", ""Strand"", ""Element symbol"", ""Element name"", ""Scope"", ""Type"", ""Subtype"", ""Class"", ""Subclass"", ""Method"", ""Target length"", ""Reference sequence length"", ""% Coverage of reference"", ""% Identity to reference"", ""Alignment length"", ""Closest reference accession"", ""Closest reference name"", ""HMM accession"", ""HMM description""]"
gene::lnu(B),gene,lnu(B),,lincosamide nucleotidyltransferase Lnu(B),WP_002294514.1,AMR,AMR,LINCOSAMIDE,LINCOSAMIDE,"[""Name"", ""Protein id"", ""Contig id"", ""Start"", ""Stop"", ""Strand"", ""Element symbol"", ""Element name"", ""Scope"", ""Type"", ""Subtype"", ""Class"", ""Subclass"", ""Method"", ""Target length"", ""Reference sequence length"", ""% Coverage of reference"", ""% Identity to reference"", ""Alignment length"", ""Closest reference accession"", ""Closest reference name"", ""HMM accession"", ""HMM description""]"
gene::lnu(G),gene,lnu(G),,lincosamide nucleotidyltransferase Lnu(G),WP_002333496.1,AMR,AMR,LINCOSAMIDE,LINCOSAMIDE,"[""Name"", ""Protein id"", ""Contig id"", ""Start"", ""Stop"", ""Strand"", ""Element symbol"", ""Element name"", ""Scope"", ""Type"", ""Subtype"", ""Class"", ""Subclass"", ""Method"", ""Target length"", ""Reference sequence length"", ""% Coverage of reference"", ""% Identity to reference"", ""Alignment length"", ""Closest reference accession"", ""Closest reference name"", ""HMM accession"", ""HMM description""]"
gene::lsa(A),gene,lsa(A),,ABC-F type ribosomal protection protein Lsa(A),WP_002387187.1,AMR,AMR,LINCOSAMIDE/STREPTOGRAMIN,LINCOSAMIDE/STREPTOGRAMIN,"[""Name"", ""Protein id"", ""Contig id"", ""Start"", ""Stop"", ""Strand"", ""Element symbol"", ""Element name"", ""Scope"", ""Type"", ""Subtype"", ""Class"", ""Subclass"", ""Method"", ""Target length"", ""Reference sequence length"", ""% Coverage of reference"", ""% Identity to reference"", ""Alignment length"", ""Closest reference accession"", ""Closest reference name"", ""HMM accession"", ""HMM description""]"
gene::lsa(E),gene,lsa(E),,ABC-F type ribosomal protection protein Lsa(E),WP_002294513.1,AMR,AMR,LINCOSAMIDE/STREPTOGRAMIN,LINCOSAMIDE/STREPTOGRAMIN,"[""Name"", ""Protein id"", ""Contig id"", ""Start"", ""Stop"", ""Strand"", ""Element symbol"", ""Element name"", ""Scope"", ""Type"", ""Subtype"", ""Class"", ""Subclass"", ""Method"", ""Target length"", ""Reference sequence length"", ""% Coverage of reference"", ""% Identity to reference"", ""Alignment length"", ""Closest reference accession"", ""Closest reference name"", ""HMM accession"", ""HMM description""]"
gene::mecA,gene,mecA,,PBP2a family beta-lactam-resistant peptidoglycan transpeptidase MecA,WP_000721309.1,AMR,AMR,BETA-LACTAM,METHICILLIN,"[""Name"", ""Protein id"", ""Contig id"", ""Start"", ""Stop"", ""Strand"", ""Element symbol"", ""Element name"", ""Scope"", ""Type"", ""Subtype"", ""Class"", ""Subclass"", ""Method"", ""Target length"", ""Reference sequence length"", ""% Coverage of reference"", ""% Identity to reference"", ""Alignment length"", ""Closest reference accession"", ""Closest reference name"", ""HMM accession"", ""HMM description""]"
gene::mecC,gene,mecC,,PBP2a family beta-lactam-resistant peptidoglycan transpeptidase MecC,WP_000725529.1,AMR,AMR,BETA-LACTAM,METHICILLIN,"[""Name"", ""Protein id"", ""Contig id"", ""Start"", ""Stop"", ""Strand"", ""Element symbol"", ""Element name"", ""Scope"", ""Type"", ""Subtype"", ""Class"", ""Subclass"", ""Method"", ""Target length"", ""Reference sequence length"", ""% Coverage of reference"", ""% Identity to reference"", ""Alignment length"", ""Closest reference accession"", ""Closest reference name"", ""HMM accession"", ""HMM description""]"
gene::mecI,gene,mecI,,mecA-type methicillin resistance repressor MecI,WP_000369214.1,AMR,AMR,BETA-LACTAM,METHICILLIN,"[""Name"", ""Protein id"", ""Contig id"", ""Start"", ""Stop"", ""Strand"", ""Element symbol"", ""Element name"", ""Scope"", ""Type"", ""Subtype"", ""Class"", ""Subclass"", ""Method"", ""Target length"", ""Reference sequence length"", ""% Coverage of reference"", ""% Identity to reference"", ""Alignment length"", ""Closest reference accession"", ""Closest reference name"", ""HMM accession"", ""HMM description""]"
gene::mecR1,gene,mecR1,,beta-lactam sensor/signal transducer MecR1,WP_000952923.1,AMR,AMR,BETA-LACTAM,METHICILLIN,"[""Name"", ""Protein id"", ""Contig id"", ""Start"", ""Stop"", ""Strand"", ""Element symbol"", ""Element name"", ""Scope"", ""Type"", ""Subtype"", ""Class"", ""Subclass"", ""Method"", ""Target length"", ""Reference sequence length"", ""% Coverage of reference"", ""% Identity to reference"", ""Alignment length"", ""Closest reference accession"", ""Closest reference name"", ""HMM accession"", ""HMM description""]"
gene::mph(C),gene,mph(C),,Mph(C) family macrolide 2'-phosphotransferase,WP_000196697.1,AMR,AMR,MACROLIDE,ERYTHROMYCIN/SPIRAMYCIN/TELITHROMYCIN,"[""Name"", ""Protein id"", ""Contig id"", ""Start"", ""Stop"", ""Strand"", ""Element symbol"", ""Element name"", ""Scope"", ""Type"", ""Subtype"", ""Class"", ""Subclass"", ""Method"", ""Target length"", ""Reference sequence length"", ""% Coverage of reference"", ""% Identity to reference"", ""Alignment length"", ""Closest reference accession"", ""Closest reference name"", ""HMM accession"", ""HMM description""]"
gene::msr(A),gene,msr(A),,ABC-F type ribosomal protection protein Msr(A),WP_000438874.1,AMR,AMR,MACROLIDE/STREPTOGRAMIN,ERYTHROMYCIN/STREPTOGRAMIN B,"[""Name"", ""Protein id"", ""Contig id"", ""Start"", ""Stop"", ""Strand"", ""Element symbol"", ""Element name"", ""Scope"", ""Type"", ""Subtype"", ""Class"", ""Subclass"", ""Method"", ""Target length"", ""Reference sequence length"", ""% Coverage of reference"", ""% Identity to reference"", ""Alignment length"", ""Closest reference accession"", ""Closest reference name"", ""HMM accession"", ""HMM description""]"
gene::mupA,gene,mupA,,mupirocin-resistant isoleucine--tRNA ligase MupA,WP_000163435.1,AMR,AMR,MUPIROCIN,MUPIROCIN,"[""Name"", ""Protein id"", ""Contig id"", ""Start"", ""Stop"", ""Strand"", ""Element symbol"", ""Element name"", ""Scope"", ""Type"", ""Subtype"", ""Class"", ""Subclass"", ""Method"", ""Target length"", ""Reference sequence length"", ""% Coverage of reference"", ""% Identity to reference"", ""Alignment length"", ""Closest reference accession"", ""Closest reference name"", ""HMM accession"", ""HMM description""]"
gene::qacA,gene,qacA,,quaternary ammonium compound efflux MFS transporter QacA,WP_000622776.1,STRESS,BIOCIDE,QUATERNARY AMMONIUM,QUATERNARY AMMONIUM,"[""Name"", ""Protein id"", ""Contig id"", ""Start"", ""Stop"", ""Strand"", ""Element symbol"", ""Element name"", ""Scope"", ""Type"", ""Subtype"", ""Class"", ""Subclass"", ""Method"", ""Target length"", ""Reference sequence length"", ""% Coverage of reference"", ""% Identity to reference"", ""Alignment length"", ""Closest reference accession"", ""Closest reference name"", ""HMM accession"", ""HMM description""]"
gene::qacB,gene,qacB,,quaternary ammonium compound efflux MFS transporter QacB,WP_000622778.1,STRESS,BIOCIDE,QUATERNARY AMMONIUM,QUATERNARY AMMONIUM,"[""Name"", ""Protein id"", ""Contig id"", ""Start"", ""Stop"", ""Strand"", ""Element symbol"", ""Element name"", ""Scope"", ""Type"", ""Subtype"", ""Class"", ""Subclass"", ""Method"", ""Target length"", ""Reference sequence length"", ""% Coverage of reference"", ""% Identity to reference"", ""Alignment length"", ""Closest reference accession"", ""Closest reference name"", ""HMM accession"", ""HMM description""]"
gene::qacC,gene,qacC,,quaternary ammonium compound efflux SMR transporter QacC,WP_001146389.1,STRESS,BIOCIDE,QUATERNARY AMMONIUM,QUATERNARY AMMONIUM,"[""Name"", ""Protein id"", ""Contig id"", ""Start"", ""Stop"", ""Strand"", ""Element symbol"", ""Element name"", ""Scope"", ""Type"", ""Subtype"", ""Class"", ""Subclass"", ""Method"", ""Target length"", ""Reference sequence length"", ""% Coverage of reference"", ""% Identity to reference"", ""Alignment length"", ""Closest reference accession"", ""Closest reference name"", ""HMM accession"", ""HMM description""]"
gene::qacG,gene,qacG,,quaternary ammonium compound efflux SMR transporter QacG,WP_015740450.1,STRESS,BIOCIDE,QUATERNARY AMMONIUM,QUATERNARY AMMONIUM,"[""Name"", ""Protein id"", ""Contig id"", ""Start"", ""Stop"", ""Strand"", ""Element symbol"", ""Element name"", ""Scope"", ""Type"", ""Subtype"", ""Class"", ""Subclass"", ""Method"", ""Target length"", ""Reference sequence length"", ""% Coverage of reference"", ""% Identity to reference"", ""Alignment length"", ""Closest reference accession"", ""Closest reference name"", ""HMM accession"", ""HMM description""]"
gene::qacJ,gene,qacJ,,quaternary ammonium compound efflux SMR transporter QacJ,WP_011100750.1,STRESS,BIOCIDE,QUATERNARY AMMONIUM,QUATERNARY AMMONIUM,"[""Name"", ""Protein id"", ""Contig id"", ""Start"", ""Stop"", ""Strand"", ""Element symbol"", ""Element name"", ""Scope"", ""Type"", ""Subtype"", ""Class"", ""Subclass"", ""Method"", ""Target length"", ""Reference sequence length"", ""% Coverage of reference"", ""% Identity to reference"", ""Alignment length"", ""Closest reference accession"", ""Closest reference name"", ""HMM accession"", ""HMM description""]"
gene::sat4,gene,sat4,,streptothricin N-acetyltransferase Sat4,WP_000627290.1,AMR,AMR,STREPTOTHRICIN,STREPTOTHRICIN,"[""Name"", ""Protein id"", ""Contig id"", ""Start"", ""Stop"", ""Strand"", ""Element symbol"", ""Element name"", ""Scope"", ""Type"", ""Subtype"", ""Class"", ""Subclass"", ""Method"", ""Target length"", ""Reference sequence length"", ""% Coverage of reference"", ""% Identity to reference"", ""Alignment length"", ""Closest reference accession"", ""Closest reference name"", ""HMM accession"", ""HMM description""]"
gene::spw,gene,spw,,ANT(9) family aminoglycoside nucleotidyltransferase Spw,WP_002294509.1,AMR,AMR,AMINOGLYCOSIDE,AMINOGLYCOSIDE,"[""Name"", ""Protein id"", ""Contig id"", ""Start"", ""Stop"", ""Strand"", ""Element symbol"", ""Element name"", ""Scope"", ""Type"", ""Subtype"", ""Class"", ""Subclass"", ""Method"", ""Target length"", ""Reference sequence length"", ""% Coverage of reference"", ""% Identity to reference"", ""Alignment length"", ""Closest reference accession"", ""Closest reference name"", ""HMM accession"", ""HMM description""]"
gene::str,gene,str,,streptomycin adenylyltransferase Str,WP_001258486.1,AMR,AMR,AMINOGLYCOSIDE,STREPTOMYCIN,"[""Name"", ""Protein id"", ""Contig id"", ""Start"", ""Stop"", ""Strand"", ""Element symbol"", ""Element name"", ""Scope"", ""Type"", ""Subtype"", ""Class"", ""Subclass"", ""Method"", ""Target length"", ""Reference sequence length"", ""% Coverage of reference"", ""% Identity to reference"", ""Alignment length"", ""Closest reference accession"", ""Closest reference name"", ""HMM accession"", ""HMM description""]"
gene::tet(K),gene,tet(K),,tetracycline efflux MFS transporter Tet(K),WP_000492283.1,AMR,AMR,TETRACYCLINE,TETRACYCLINE,"[""Name"", ""Protein id"", ""Contig id"", ""Start"", ""Stop"", ""Strand"", ""Element symbol"", ""Element name"", ""Scope"", ""Type"", ""Subtype"", ""Class"", ""Subclass"", ""Method"", ""Target length"", ""Reference sequence length"", ""% Coverage of reference"", ""% Identity to reference"", ""Alignment length"", ""Closest reference accession"", ""Closest reference name"", ""HMM accession"", ""HMM description""]"
gene::tet(L),gene,tet(L),,tetracycline efflux MFS transporter Tet(L),WP_001574277.1,AMR,AMR,TETRACYCLINE,TETRACYCLINE,"[""Name"", ""Protein id"", ""Contig id"", ""Start"", ""Stop"", ""Strand"", ""Element symbol"", ""Element name"", ""Scope"", ""Type"", ""Subtype"", ""Class"", ""Subclass"", ""Method"", ""Target length"", ""Reference sequence length"", ""% Coverage of reference"", ""% Identity to reference"", ""Alignment length"", ""Closest reference accession"", ""Closest reference name"", ""HMM accession"", ""HMM description""]"
gene::tet(M),gene,tet(M),,tetracycline resistance ribosomal protection protein Tet(M),WP_000691737.1,AMR,AMR,TETRACYCLINE,TETRACYCLINE,"[""Name"", ""Protein id"", ""Contig id"", ""Start"", ""Stop"", ""Strand"", ""Element symbol"", ""Element name"", ""Scope"", ""Type"", ""Subtype"", ""Class"", ""Subclass"", ""Method"", ""Target length"", ""Reference sequence length"", ""% Coverage of reference"", ""% Identity to reference"", ""Alignment length"", ""Closest reference accession"", ""Closest reference name"", ""HMM accession"", ""HMM description""]"
gene::vga(A),gene,vga(A),,ABC-F type ribosomal protection protein Vga(A),WP_063856936.1,AMR,AMR,LINCOSAMIDE,LINCOSAMIDE,"[""Name"", ""Protein id"", ""Contig id"", ""Start"", ""Stop"", ""Strand"", ""Element symbol"", ""Element name"", ""Scope"", ""Type"", ""Subtype"", ""Class"", ""Subclass"", ""Method"", ""Target length"", ""Reference sequence length"", ""% Coverage of reference"", ""% Identity to reference"", ""Alignment length"", ""Closest reference accession"", ""Closest reference name"", ""HMM accession"", ""HMM description""]"
mutation::23S::C2220T,mutation,23S,C2220T,Staphylococcus aureus linezolid resistant 23S,NZ_CP009828.1:497114-500039,AMR,POINT,OXAZOLIDINONE,LINEZOLID,"[""Name"", ""Protein id"", ""Contig id"", ""Start"", ""Stop"", ""Strand"", ""Element symbol"", ""Element name"", ""Scope"", ""Type"", ""Subtype"", ""Class"", ""Subclass"", ""Method"", ""Target length"", ""Reference sequence length"", ""% Coverage of reference"", ""% Identity to reference"", ""Alignment length"", ""Closest reference accession"", ""Closest reference name"", ""HMM accession"", ""HMM description""]"
mutation::acrB::I960V,mutation,acrB,I960V,Staphylococcus aureus cephalosporin resistant AcrB,WP_000592303.1,AMR,POINT,BETA-LACTAM,CEPHALOSPORIN,"[""Name"", ""Protein id"", ""Contig id"", ""Start"", ""Stop"", ""Strand"", ""Element symbol"", ""Element name"", ""Scope"", ""Type"", ""Subtype"", ""Class"", ""Subclass"", ""Method"", ""Target length"", ""Reference sequence length"", ""% Coverage of reference"", ""% Identity to reference"", ""Alignment length"", ""Closest reference accession"", ""Closest reference name"", ""HMM accession"", ""HMM description""]"
mutation::cls::A23V,mutation,cls,A23V,Staphylococcus aureus daptomycin resistant Cls,WP_000571549.1,AMR,POINT,LIPOPEPTIDE,DAPTOMYCIN,"[""Name"", ""Protein id"", ""Contig id"", ""Start"", ""Stop"", ""Strand"", ""Element symbol"", ""Element name"", ""Scope"", ""Type"", ""Subtype"", ""Class"", ""Subclass"", ""Method"", ""Target length"", ""Reference sequence length"", ""% Coverage of reference"", ""% Identity to reference"", ""Alignment length"", ""Closest reference accession"", ""Closest reference name"", ""HMM accession"", ""HMM description""]"
mutation::dfrB::A135T,mutation,dfrB,A135T,Staphylococcus aureus trimethoprim resistant DfrB,WP_000175752.1,AMR,POINT,TRIMETHOPRIM,TRIMETHOPRIM,"[""Name"", ""Protein id"", ""Contig id"", ""Start"", ""Stop"", ""Strand"", ""Element symbol"", ""Element name"", ""Scope"", ""Type"", ""Subtype"", ""Class"", ""Subclass"", ""Method"", ""Target length"", ""Reference sequence length"", ""% Coverage of reference"", ""% Identity to reference"", ""Alignment length"", ""Closest reference accession"", ""Closest reference name"", ""HMM accession"", ""HMM description""]"
mutation::dfrB::F99Y,mutation,dfrB,F99Y,Staphylococcus aureus trimethoprim resistant DfrB,WP_000175752.1,AMR,POINT,TRIMETHOPRIM,TRIMETHOPRIM,"[""Name"", ""Protein id"", ""Contig id"", ""Start"", ""Stop"", ""Strand"", ""Element symbol"", ""Element name"", ""Scope"", ""Type"", ""Subtype"", ""Class"", ""Subclass"", ""Method"", ""Target length"", ""Reference sequence length"", ""% Coverage of reference"", ""% Identity to reference"", ""Alignment length"", ""Closest reference accession"", ""Closest reference name"", ""HMM accession"", ""HMM description""]"
mutation::dfrB::H150R,mutation,dfrB,H150R,Staphylococcus aureus trimethoprim resistant DfrB,WP_000175752.1,AMR,POINT,TRIMETHOPRIM,TRIMETHOPRIM,"[""Name"", ""Protein id"", ""Contig id"", ""Start"", ""Stop"", ""Strand"", ""Element symbol"", ""Element name"", ""Scope"", ""Type"", ""Subtype"", ""Class"", ""Subclass"", ""Method"", ""Target length"", ""Reference sequence length"", ""% Coverage of reference"", ""% Identity to reference"", ""Alignment length"", ""Closest reference accession"", ""Closest reference name"", ""HMM accession"", ""HMM description""]"
mutation::dfrB::H31N,mutation,dfrB,H31N,Staphylococcus aureus trimethoprim resistant DfrB,WP_000175752.1,AMR,POINT,TRIMETHOPRIM,TRIMETHOPRIM,"[""Name"", ""Protein id"", ""Contig id"", ""Start"", ""Stop"", ""Strand"", ""Element symbol"", ""Element name"", ""Scope"", ""Type"", ""Subtype"", ""Class"", ""Subclass"", ""Method"", ""Target length"", ""Reference sequence length"", ""% Coverage of reference"", ""% Identity to reference"", ""Alignment length"", ""Closest reference accession"", ""Closest reference name"", ""HMM accession"", ""HMM description""]"
mutation::dfrB::L21V,mutation,dfrB,L21V,Staphylococcus aureus trimethoprim resistant DfrB,WP_000175752.1,AMR,POINT,TRIMETHOPRIM,TRIMETHOPRIM,"[""Name"", ""Protein id"", ""Contig id"", ""Start"", ""Stop"", ""Strand"", ""Element symbol"", ""Element name"", ""Scope"", ""Type"", ""Subtype"", ""Class"", ""Subclass"", ""Method"", ""Target length"", ""Reference sequence length"", ""% Coverage of reference"", ""% Identity to reference"", ""Alignment length"", ""Closest reference accession"", ""Closest reference name"", ""HMM accession"", ""HMM description""]"
mutation::dfrB::L41F,mutation,dfrB,L41F,Staphylococcus aureus trimethoprim resistant DfrB,WP_000175752.1,AMR,POINT,TRIMETHOPRIM,TRIMETHOPRIM,"[""Name"", ""Protein id"", ""Contig id"", ""Start"", ""Stop"", ""Strand"", ""Element symbol"", ""Element name"", ""Scope"", ""Type"", ""Subtype"", ""Class"", ""Subclass"", ""Method"", ""Target length"", ""Reference sequence length"", ""% Coverage of reference"", ""% Identity to reference"", ""Alignment length"", ""Closest reference accession"", ""Closest reference name"", ""HMM accession"", ""HMM description""]"
mutation::dfrB::N60I,mutation,dfrB,N60I,Staphylococcus aureus trimethoprim resistant DfrB,WP_000175752.1,AMR,POINT,TRIMETHOPRIM,TRIMETHOPRIM,"[""Name"", ""Protein id"", ""Contig id"", ""Start"", ""Stop"", ""Strand"", ""Element symbol"", ""Element name"", ""Scope"", ""Type"", ""Subtype"", ""Class"", ""Subclass"", ""Method"", ""Target length"", ""Reference sequence length"", ""% Coverage of reference"", ""% Identity to reference"", ""Alignment length"", ""Closest reference accession"", ""Closest reference name"", ""HMM accession"", ""HMM description""]"
mutation::fexA::A37V,mutation,fexA,A37V,Staphylococcus aureus chloramphenicol resistant FexA,WP_015585966.1,AMR,POINT,PHENICOL,CHLORAMPHENICOL,"[""Name"", ""Protein id"", ""Contig id"", ""Start"", ""Stop"", ""Strand"", ""Element symbol"", ""Element name"", ""Scope"", ""Type"", ""Subtype"", ""Class"", ""Subclass"", ""Method"", ""Target length"", ""Reference sequence length"", ""% Coverage of reference"", ""% Identity to reference"", ""Alignment length"", ""Closest reference accession"", ""Closest reference name"", ""HMM accession"", ""HMM description""]"
mutation::fexA::G33A,mutation,fexA,G33A,Staphylococcus aureus chloramphenicol resistant FexA,WP_015585966.1,AMR,POINT,PHENICOL,CHLORAMPHENICOL,"[""Name"", ""Protein id"", ""Contig id"", ""Start"", ""Stop"", ""Strand"", ""Element symbol"", ""Element name"", ""Scope"", ""Type"", ""Subtype"", ""Class"", ""Subclass"", ""Method"", ""Target length"", ""Reference sequence length"", ""% Coverage of reference"", ""% Identity to reference"", ""Alignment length"", ""Closest reference accession"", ""Closest reference name"", ""HMM accession"", ""HMM description""]"
mutation::folP::A184V,mutation,folP,A184V,Staphylococcus aureus sulfonamide resistant FolP,WP_000167936.1,AMR,POINT,SULFONAMIDE,SULFONAMIDE,"[""Name"", ""Protein id"", ""Contig id"", ""Start"", ""Stop"", ""Strand"", ""Element symbol"", ""Element name"", ""Scope"", ""Type"", ""Subtype"", ""Class"", ""Subclass"", ""Method"", ""Target length"", ""Reference sequence length"", ""% Coverage of reference"", ""% Identity to reference"", ""Alignment length"", ""Closest reference accession"", ""Closest reference name"", ""HMM accession"", ""HMM description""]"
mutation::folP::E208K,mutation,folP,E208K,Staphylococcus aureus sulfonamide resistant FolP,WP_000167936.1,AMR,POINT,SULFONAMIDE,SULFONAMIDE,"[""Name"", ""Protein id"", ""Contig id"", ""Start"", ""Stop"", ""Strand"", ""Element symbol"", ""Element name"", ""Scope"", ""Type"", ""Subtype"", ""Class"", ""Subclass"", ""Method"", ""Target length"", ""Reference sequence length"", ""% Coverage of reference"", ""% Identity to reference"", ""Alignment length"", ""Closest reference accession"", ""Closest reference name"", ""HMM accession"", ""HMM description""]"
mutation::folP::E258EKE,mutation,folP,E258EKE,Staphylococcus aureus sulfonamide resistant FolP,WP_000167936.1,AMR,POINT,SULFONAMIDE,SULFONAMIDE,"[""Name"", ""Protein id"", ""Contig id"", ""Start"", ""Stop"", ""Strand"", ""Element symbol"", ""Element name"", ""Scope"", ""Type"", ""Subtype"", ""Class"", ""Subclass"", ""Method"", ""Target length"", ""Reference sequence length"", ""% Coverage of reference"", ""% Identity to reference"", ""Alignment length"", ""Closest reference accession"", ""Closest reference name"", ""HMM accession"", ""HMM description""]"
mutation::folP::F17L,mutation,folP,F17L,Staphylococcus aureus sulfonamide resistant FolP,WP_000167936.1,AMR,POINT,SULFONAMIDE,SULFONAMIDE,"[""Name"", ""Protein id"", ""Contig id"", ""Start"", ""Stop"", ""Strand"", ""Element symbol"", ""Element name"", ""Scope"", ""Type"", ""Subtype"", ""Class"", ""Subclass"", ""Method"", ""Target length"", ""Reference sequence length"", ""% Coverage of reference"", ""% Identity to reference"", ""Alignment length"", ""Closest reference accession"", ""Closest reference name"", ""HMM accession"", ""HMM description""]"
mutation::folP::T51M,mutation,folP,T51M,Staphylococcus aureus sulfonamide resistant FolP,WP_000167936.1,AMR,POINT,SULFONAMIDE,SULFONAMIDE,"[""Name"", ""Protein id"", ""Contig id"", ""Start"", ""Stop"", ""Strand"", ""Element symbol"", ""Element name"", ""Scope"", ""Type"", ""Subtype"", ""Class"", ""Subclass"", ""Method"", ""Target length"", ""Reference sequence length"", ""% Coverage of reference"", ""% Identity to reference"", ""Alignment length"", ""Closest reference accession"", ""Closest reference name"", ""HMM accession"", ""HMM description""]"
mutation::fusA::A376V,mutation,fusA,A376V,Staphylococcus aureus fusidic acid resistant FusA,WP_000090315.1,AMR,POINT,FUSIDIC_ACID,FUSIDIC_ACID,"[""Name"", ""Protein id"", ""Contig id"", ""Start"", ""Stop"", ""Strand"", ""Element symbol"", ""Element name"", ""Scope"", ""Type"", ""Subtype"", ""Class"", ""Subclass"", ""Method"", ""Target length"", ""Reference sequence length"", ""% Coverage of reference"", ""% Identity to reference"", ""Alignment length"", ""Closest reference accession"", ""Closest reference name"", ""HMM accession"", ""HMM description""]"
mutation::fusA::E444K,mutation,fusA,E444K,Staphylococcus aureus fusidic acid resistant FusA,WP_000090315.1,AMR,POINT,FUSIDIC_ACID,FUSIDIC_ACID,"[""Name"", ""Protein id"", ""Contig id"", ""Start"", ""Stop"", ""Strand"", ""Element symbol"", ""Element name"", ""Scope"", ""Type"", ""Subtype"", ""Class"", ""Subclass"", ""Method"", ""Target length"", ""Reference sequence length"", ""% Coverage of reference"", ""% Identity to reference"", ""Alignment length"", ""Closest reference accession"", ""Closest reference name"", ""HMM accession"", ""HMM description""]"
mutation::fusA::G452S,mutation,fusA,G452S,Staphylococcus aureus fusidic acid resistant FusA,WP_000090315.1,AMR,POINT,FUSIDIC_ACID,FUSIDIC_ACID,"[""Name"", ""Protein id"", ""Contig id"", ""Start"", ""Stop"", ""Strand"", ""Element symbol"", ""Element name"", ""Scope"", ""Type"", ""Subtype"", ""Class"", ""Subclass"", ""Method"", ""Target length"", ""Reference sequence length"", ""% Coverage of reference"", ""% Identity to reference"", ""Alignment length"", ""Closest reference accession"", ""Closest reference name"", ""HMM accession"", ""HMM description""]"
mutation::fusA::H457Q,mutation,fusA,H457Q,Staphylococcus aureus fusidic acid resistant FusA,WP_000090315.1,AMR,POINT,FUSIDIC_ACID,FUSIDIC_ACID,"[""Name"", ""Protein id"", ""Contig id"", ""Start"", ""Stop"", ""Strand"", ""Element symbol"", ""Element name"", ""Scope"", ""Type"", ""Subtype"", ""Class"", ""Subclass"", ""Method"", ""Target length"", ""Reference sequence length"", ""% Coverage of reference"", ""% Identity to reference"", ""Alignment length"", ""Closest reference accession"", ""Closest reference name"", ""HMM accession"", ""HMM description""]"
mutation::fusA::H457Y,mutation,fusA,H457Y,Staphylococcus aureus fusidic acid resistant FusA,WP_000090315.1,AMR,POINT,FUSIDIC_ACID,FUSIDIC_ACID,"[""Name"", ""Protein id"", ""Contig id"", ""Start"", ""Stop"", ""Strand"", ""Element symbol"", ""Element name"", ""Scope"", ""Type"", ""Subtype"", ""Class"", ""Subclass"", ""Method"", ""Target length"", ""Reference sequence length"", ""% Coverage of reference"", ""% Identity to reference"", ""Alignment length"", ""Closest reference accession"", ""Closest reference name"", ""HMM accession"", ""HMM description""]"
mutation::fusA::L456F,mutation,fusA,L456F,Staphylococcus aureus fusidic acid resistant FusA,WP_000090315.1,AMR,POINT,FUSIDIC_ACID,FUSIDIC_ACID,"[""Name"", ""Protein id"", ""Contig id"", ""Start"", ""Stop"", ""Strand"", ""Element symbol"", ""Element name"", ""Scope"", ""Type"", ""Subtype"", ""Class"", ""Subclass"", ""Method"", ""Target length"", ""Reference sequence length"", ""% Coverage of reference"", ""% Identity to reference"", ""Alignment length"", ""Closest reference accession"", ""Closest reference name"", ""HMM accession"", ""HMM description""]"
mutation::fusA::L461F,mutation,fusA,L461F,Staphylococcus aureus fusidic acid resistant FusA,WP_000090315.1,AMR,POINT,FUSIDIC_ACID,FUSIDIC_ACID,"[""Name"", ""Protein id"", ""Contig id"", ""Start"", ""Stop"", ""Strand"", ""Element symbol"", ""Element name"", ""Scope"", ""Type"", ""Subtype"", ""Class"", ""Subclass"", ""Method"", ""Target length"", ""Reference sequence length"", ""% Coverage of reference"", ""% Identity to reference"", ""Alignment length"", ""Closest reference accession"", ""Closest reference name"", ""HMM accession"", ""HMM description""]"
mutation::fusA::L461K,mutation,fusA,L461K,Staphylococcus aureus fusidic acid resistant FusA,WP_000090315.1,AMR,POINT,FUSIDIC_ACID,FUSIDIC_ACID,"[""Name"", ""Protein id"", ""Contig id"", ""Start"", ""Stop"", ""Strand"", ""Element symbol"", ""Element name"", ""Scope"", ""Type"", ""Subtype"", ""Class"", ""Subclass"", ""Method"", ""Target length"", ""Reference sequence length"", ""% Coverage of reference"", ""% Identity to reference"", ""Alignment length"", ""Closest reference accession"", ""Closest reference name"", ""HMM accession"", ""HMM description""]"
mutation::fusA::L461S,mutation,fusA,L461S,Staphylococcus aureus fusidic acid resistant FusA,WP_000090315.1,AMR,POINT,FUSIDIC_ACID,FUSIDIC_ACID,"[""Name"", ""Protein id"", ""Contig id"", ""Start"", ""Stop"", ""Strand"", ""Element symbol"", ""Element name"", ""Scope"", ""Type"", ""Subtype"", ""Class"", ""Subclass"", ""Method"", ""Target length"", ""Reference sequence length"", ""% Coverage of reference"", ""% Identity to reference"", ""Alignment length"", ""Closest reference accession"", ""Closest reference name"", ""HMM accession"", ""HMM description""]"
mutation::fusA::M453I,mutation,fusA,M453I,Staphylococcus aureus fusidic acid resistant FusA,WP_000090315.1,AMR,POINT,FUSIDIC_ACID,FUSIDIC_ACID,"[""Name"", ""Protein id"", ""Contig id"", ""Start"", ""Stop"", ""Strand"", ""Element symbol"", ""Element name"", ""Scope"", ""Type"", ""Subtype"", ""Class"", ""Subclass"", ""Method"", ""Target length"", ""Reference sequence length"", ""% Coverage of reference"", ""% Identity to reference"", ""Alignment length"", ""Closest reference accession"", ""Closest reference name"", ""HMM accession"", ""HMM description""]"
mutation::fusA::M651I,mutation,fusA,M651I,Staphylococcus aureus fusidic acid resistant FusA,WP_000090315.1,AMR,POINT,FUSIDIC_ACID,FUSIDIC_ACID,"[""Name"", ""Protein id"", ""Contig id"", ""Start"", ""Stop"", ""Strand"", ""Element symbol"", ""Element name"", ""Scope"", ""Type"", ""Subtype"", ""Class"", ""Subclass"", ""Method"", ""Target length"", ""Reference sequence length"", ""% Coverage of reference"", ""% Identity to reference"", ""Alignment length"", ""Closest reference accession"", ""Closest reference name"", ""HMM accession"", ""HMM description""]"
mutation::fusA::P404L,mutation,fusA,P404L,Staphylococcus aureus fusidic acid resistant FusA,WP_000090315.1,AMR,POINT,FUSIDIC_ACID,FUSIDIC_ACID,"[""Name"", ""Protein id"", ""Contig id"", ""Start"", ""Stop"", ""Strand"", ""Element symbol"", ""Element name"", ""Scope"", ""Type"", ""Subtype"", ""Class"", ""Subclass"", ""Method"", ""Target length"", ""Reference sequence length"", ""% Coverage of reference"", ""% Identity to reference"", ""Alignment length"", ""Closest reference accession"", ""Closest reference name"", ""HMM accession"", ""HMM description""]"
mutation::fusA::P404Q,mutation,fusA,P404Q,Staphylococcus aureus fusidic acid resistant FusA,WP_000090315.1,AMR,POINT,FUSIDIC_ACID,FUSIDIC_ACID,"[""Name"", ""Protein id"", ""Contig id"", ""Start"", ""Stop"", ""Strand"", ""Element symbol"", ""Element name"", ""Scope"", ""Type"", ""Subtype"", ""Class"", ""Subclass"", ""Method"", ""Target length"", ""Reference sequence length"", ""% Coverage of reference"", ""% Identity to reference"", ""Alignment length"", ""Closest reference accession"", ""Closest reference name"", ""HMM accession"", ""HMM description""]"
mutation::fusA::P406L,mutation,fusA,P406L,Staphylococcus aureus fusidic acid resistant FusA,WP_000090315.1,AMR,POINT,FUSIDIC_ACID,FUSIDIC_ACID,"[""Name"", ""Protein id"", ""Contig id"", ""Start"", ""Stop"", ""Strand"", ""Element symbol"", ""Element name"", ""Scope"", ""Type"", ""Subtype"", ""Class"", ""Subclass"", ""Method"", ""Target length"", ""Reference sequence length"", ""% Coverage of reference"", ""% Identity to reference"", ""Alignment length"", ""Closest reference accession"", ""Closest reference name"", ""HMM accession"", ""HMM description""]"
mutation::fusA::P478S,mutation,fusA,P478S,Staphylococcus aureus fusidic acid resistant FusA,WP_000090315.1,AMR,POINT,FUSIDIC_ACID,FUSIDIC_ACID,"[""Name"", ""Protein id"", ""Contig id"", ""Start"", ""Stop"", ""Strand"", ""Element symbol"", ""Element name"", ""Scope"", ""Type"", ""Subtype"", ""Class"", ""Subclass"", ""Method"", ""Target length"", ""Reference sequence length"", ""% Coverage of reference"", ""% Identity to reference"", ""Alignment length"", ""Closest reference accession"", ""Closest reference name"", ""HMM accession"", ""HMM description""]"
mutation::fusA::R659L,mutation,fusA,R659L,Staphylococcus aureus fusidic acid resistant FusA,WP_000090315.1,AMR,POINT,FUSIDIC_ACID,FUSIDIC_ACID,"[""Name"", ""Protein id"", ""Contig id"", ""Start"", ""Stop"", ""Strand"", ""Element symbol"", ""Element name"", ""Scope"", ""Type"", ""Subtype"", ""Class"", ""Subclass"", ""Method"", ""Target length"", ""Reference sequence length"", ""% Coverage of reference"", ""% Identity to reference"", ""Alignment length"", ""Closest reference accession"", ""Closest reference name"", ""HMM accession"", ""HMM description""]"
mutation::fusA::T656K,mutation,fusA,T656K,Staphylococcus aureus fusidic acid resistant FusA,WP_000090315.1,AMR,POINT,FUSIDIC_ACID,FUSIDIC_ACID,"[""Name"", ""Protein id"", ""Contig id"", ""Start"", ""Stop"", ""Strand"", ""Element symbol"", ""Element name"", ""Scope"", ""Type"", ""Subtype"", ""Class"", ""Subclass"", ""Method"", ""Target length"", ""Reference sequence length"", ""% Coverage of reference"", ""% Identity to reference"", ""Alignment length"", ""Closest reference accession"", ""Closest reference name"", ""HMM accession"", ""HMM description""]"
mutation::fusA::V90I,mutation,fusA,V90I,Staphylococcus aureus fusidic acid resistant FusA,WP_000090315.1,AMR,POINT,FUSIDIC_ACID,FUSIDIC_ACID,"[""Name"", ""Protein id"", ""Contig id"", ""Start"", ""Stop"", ""Strand"", ""Element symbol"", ""Element name"", ""Scope"", ""Type"", ""Subtype"", ""Class"", ""Subclass"", ""Method"", ""Target length"", ""Reference sequence length"", ""% Coverage of reference"", ""% Identity to reference"", ""Alignment length"", ""Closest reference accession"", ""Closest reference name"", ""HMM accession"", ""HMM description""]"
mutation::glpT::A100V,mutation,glpT,A100V,Staphylococcus aureus fosfomycin resistant GlpT,WP_001010111.1,AMR,POINT,FOSFOMYCIN,FOSFOMYCIN,"[""Name"", ""Protein id"", ""Contig id"", ""Start"", ""Stop"", ""Strand"", ""Element symbol"", ""Element name"", ""Scope"", ""Type"", ""Subtype"", ""Class"", ""Subclass"", ""Method"", ""Target length"", ""Reference sequence length"", ""% Coverage of reference"", ""% Identity to reference"", ""Alignment length"", ""Closest reference accession"", ""Closest reference name"", ""HMM accession"", ""HMM description""]"
mutation::glpT::F3I,mutation,glpT,F3I,Staphylococcus aureus fosfomycin resistant GlpT,WP_001010111.1,AMR,POINT,FOSFOMYCIN,FOSFOMYCIN,"[""Name"", ""Protein id"", ""Contig id"", ""Start"", ""Stop"", ""Strand"", ""Element symbol"", ""Element name"", ""Scope"", ""Type"", ""Subtype"", ""Class"", ""Subclass"", ""Method"", ""Target length"", ""Reference sequence length"", ""% Coverage of reference"", ""% Identity to reference"", ""Alignment length"", ""Closest reference accession"", ""Closest reference name"", ""HMM accession"", ""HMM description""]"
mutation::glpT::L27F,mutation,glpT,L27F,Staphylococcus aureus fosfomycin resistant GlpT,WP_001010111.1,AMR,POINT,FOSFOMYCIN,FOSFOMYCIN,"[""Name"", ""Protein id"", ""Contig id"", ""Start"", ""Stop"", ""Strand"", ""Element symbol"", ""Element name"", ""Scope"", ""Type"", ""Subtype"", ""Class"", ""Subclass"", ""Method"", ""Target length"", ""Reference sequence length"", ""% Coverage of reference"", ""% Identity to reference"", ""Alignment length"", ""Closest reference accession"", ""Closest reference name"", ""HMM accession"", ""HMM description""]"
mutation::glpT::V213I,mutation,glpT,V213I,Staphylococcus aureus fosfomycin resistant GlpT,WP_001010111.1,AMR,POINT,FOSFOMYCIN,FOSFOMYCIN,"[""Name"", ""Protein id"", ""Contig id"", ""Start"", ""Stop"", ""Strand"", ""Element symbol"", ""Element name"", ""Scope"", ""Type"", ""Subtype"", ""Class"", ""Subclass"", ""Method"", ""Target length"", ""Reference sequence length"", ""% Coverage of reference"", ""% Identity to reference"", ""Alignment length"", ""Closest reference accession"", ""Closest reference name"", ""HMM accession"", ""HMM description""]"
mutation::glpT::W355Ter,mutation,glpT,W355Ter,Staphylococcus aureus fosfomycin resistant GlpT,WP_001010111.1,AMR,POINT,FOSFOMYCIN,FOSFOMYCIN,"[""Name"", ""Protein id"", ""Contig id"", ""Start"", ""Stop"", ""Strand"", ""Element symbol"", ""Element name"", ""Scope"", ""Type"", ""Subtype"", ""Class"", ""Subclass"", ""Method"", ""Target length"", ""Reference sequence length"", ""% Coverage of reference"", ""% Identity to reference"", ""Alignment length"", ""Closest reference accession"", ""Closest reference name"", ""HMM accession"", ""HMM description""]"
mutation::gyrA::E88K,mutation,gyrA,E88K,Staphylococcus aureus quinolone resistant GyrA,WP_000819084.1,AMR,POINT,QUINOLONE,QUINOLONE,"[""Name"", ""Protein id"", ""Contig id"", ""Start"", ""Stop"", ""Strand"", ""Element symbol"", ""Element name"", ""Scope"", ""Type"", ""Subtype"", ""Class"", ""Subclass"", ""Method"", ""Target length"", ""Reference sequence length"", ""% Coverage of reference"", ""% Identity to reference"", ""Alignment length"", ""Closest reference accession"", ""Closest reference name"", ""HMM accession"", ""HMM description""]"
mutation::gyrA::G106D,mutation,gyrA,G106D,Staphylococcus aureus quinolone resistant GyrA,WP_000819084.1,AMR,POINT,QUINOLONE,QUINOLONE,"[""Name"", ""Protein id"", ""Contig id"", ""Start"", ""Stop"", ""Strand"", ""Element symbol"", ""Element name"", ""Scope"", ""Type"", ""Subtype"", ""Class"", ""Subclass"", ""Method"", ""Target length"", ""Reference sequence length"", ""% Coverage of reference"", ""% Identity to reference"", ""Alignment length"", ""Closest reference accession"", ""Closest reference name"", ""HMM accession"", ""HMM description""]"
mutation::gyrA::S84A,mutation,gyrA,S84A,Staphylococcus aureus quinolone resistant GyrA,WP_000819084.1,AMR,POINT,QUINOLONE,QUINOLONE,"[""Name"", ""Protein id"", ""Contig id"", ""Start"", ""Stop"", ""Strand"", ""Element symbol"", ""Element name"", ""Scope"", ""Type"", ""Subtype"", ""Class"", ""Subclass"", ""Method"", ""Target length"", ""Reference sequence length"", ""% Coverage of reference"", ""% Identity to reference"", ""Alignment length"", ""Closest reference accession"", ""Closest reference name"", ""HMM accession"", ""HMM description""]"
mutation::gyrA::S84L,mutation,gyrA,S84L,Staphylococcus aureus quinolone resistant GyrA,WP_000819084.1,AMR,POINT,QUINOLONE,QUINOLONE,"[""Name"", ""Protein id"", ""Contig id"", ""Start"", ""Stop"", ""Strand"", ""Element symbol"", ""Element name"", ""Scope"", ""Type"", ""Subtype"", ""Class"", ""Subclass"", ""Method"", ""Target length"", ""Reference sequence length"", ""% Coverage of reference"", ""% Identity to reference"", ""Alignment length"", ""Closest reference accession"", ""Closest reference name"", ""HMM accession"", ""HMM description""]"
mutation::gyrA::S84V,mutation,gyrA,S84V,Staphylococcus aureus quinolone resistant GyrA,WP_000819084.1,AMR,POINT,QUINOLONE,QUINOLONE,"[""Name"", ""Protein id"", ""Contig id"", ""Start"", ""Stop"", ""Strand"", ""Element symbol"", ""Element name"", ""Scope"", ""Type"", ""Subtype"", ""Class"", ""Subclass"", ""Method"", ""Target length"", ""Reference sequence length"", ""% Coverage of reference"", ""% Identity to reference"", ""Alignment length"", ""Closest reference accession"", ""Closest reference name"", ""HMM accession"", ""HMM description""]"
mutation::gyrA::S85P,mutation,gyrA,S85P,Staphylococcus aureus quinolone resistant GyrA,WP_000819084.1,AMR,POINT,QUINOLONE,QUINOLONE,"[""Name"", ""Protein id"", ""Contig id"", ""Start"", ""Stop"", ""Strand"", ""Element symbol"", ""Element name"", ""Scope"", ""Type"", ""Subtype"", ""Class"", ""Subclass"", ""Method"", ""Target length"", ""Reference sequence length"", ""% Coverage of reference"", ""% Identity to reference"", ""Alignment length"", ""Closest reference accession"", ""Closest reference name"", ""HMM accession"", ""HMM description""]"
mutation::gyrB::G84S,mutation,gyrB,G84S,Staphylococcus aureus aminocoumarin resistant GyrB,WP_010956585.1,AMR,POINT,AMINOCOUMARIN,AMINOCOUMARIN,"[""Name"", ""Protein id"", ""Contig id"", ""Start"", ""Stop"", ""Strand"", ""Element symbol"", ""Element name"", ""Scope"", ""Type"", ""Subtype"", ""Class"", ""Subclass"", ""Method"", ""Target length"", ""Reference sequence length"", ""% Coverage of reference"", ""% Identity to reference"", ""Alignment length"", ""Closest reference accession"", ""Closest reference name"", ""HMM accession"", ""HMM description""]"
mutation::gyrB::R143I,mutation,gyrB,R143I,Staphylococcus aureus aminocoumarin resistant GyrB,WP_010956585.1,AMR,POINT,AMINOCOUMARIN,AMINOCOUMARIN,"[""Name"", ""Protein id"", ""Contig id"", ""Start"", ""Stop"", ""Strand"", ""Element symbol"", ""Element name"", ""Scope"", ""Type"", ""Subtype"", ""Class"", ""Subclass"", ""Method"", ""Target length"", ""Reference sequence length"", ""% Coverage of reference"", ""% Identity to reference"", ""Alignment length"", ""Closest reference accession"", ""Closest reference name"", ""HMM accession"", ""HMM description""]"
mutation::ileS::V588F,mutation,ileS,V588F,Staphylococcus aureus mupirocin resistant IleS,WP_000384706.1,AMR,POINT,MUPIROCIN,MUPIROCIN,"[""Name"", ""Protein id"", ""Contig id"", ""Start"", ""Stop"", ""Strand"", ""Element symbol"", ""Element name"", ""Scope"", ""Type"", ""Subtype"", ""Class"", ""Subclass"", ""Method"", ""Target length"", ""Reference sequence length"", ""% Coverage of reference"", ""% Identity to reference"", ""Alignment length"", ""Closest reference accession"", ""Closest reference name"", ""HMM accession"", ""HMM description""]"
mutation::ileS::V631F,mutation,ileS,V631F,Staphylococcus aureus mupirocin resistant IleS,WP_000384706.1,AMR,POINT,MUPIROCIN,MUPIROCIN,"[""Name"", ""Protein id"", ""Contig id"", ""Start"", ""Stop"", ""Strand"", ""Element symbol"", ""Element name"", ""Scope"", ""Type"", ""Subtype"", ""Class"", ""Subclass"", ""Method"", ""Target length"", ""Reference sequence length"", ""% Coverage of reference"", ""% Identity to reference"", ""Alignment length"", ""Closest reference accession"", ""Closest reference name"", ""HMM accession"", ""HMM description""]"
mutation::mepR::A103V,mutation,mepR,A103V,Staphylococcus aureus tigecycline resistant MepR,WP_000397416.1,AMR,POINT,TETRACYCLINE,TIGECYCLINE,"[""Name"", ""Protein id"", ""Contig id"", ""Start"", ""Stop"", ""Strand"", ""Element symbol"", ""Element name"", ""Scope"", ""Type"", ""Subtype"", ""Class"", ""Subclass"", ""Method"", ""Target length"", ""Reference sequence length"", ""% Coverage of reference"", ""% Identity to reference"", ""Alignment length"", ""Closest reference accession"", ""Closest reference name"", ""HMM accession"", ""HMM description""]"
mutation::mprF::I420N,mutation,mprF,I420N,Staphylococcus aureus daptomycin resistant MprF,WP_001071135.1,AMR,POINT,LIPOPEPTIDE,DAPTOMYCIN,"[""Name"", ""Protein id"", ""Contig id"", ""Start"", ""Stop"", ""Strand"", ""Element symbol"", ""Element name"", ""Scope"", ""Type"", ""Subtype"", ""Class"", ""Subclass"", ""Method"", ""Target length"", ""Reference sequence length"", ""% Coverage of reference"", ""% Identity to reference"", ""Alignment length"", ""Closest reference accession"", ""Closest reference name"", ""HMM accession"", ""HMM description""]"
mutation::mprF::L341S,mutation,mprF,L341S,Staphylococcus aureus daptomycin resistant MprF,WP_001071135.1,AMR,POINT,LIPOPEPTIDE,DAPTOMYCIN,"[""Name"", ""Protein id"", ""Contig id"", ""Start"", ""Stop"", ""Strand"", ""Element symbol"", ""Element name"", ""Scope"", ""Type"", ""Subtype"", ""Class"", ""Subclass"", ""Method"", ""Target length"", ""Reference sequence length"", ""% Coverage of reference"", ""% Identity to reference"", ""Alignment length"", ""Closest reference accession"", ""Closest reference name"", ""HMM accession"", ""HMM description""]"
mutation::mprF::L826F,mutation,mprF,L826F,Staphylococcus aureus daptomycin resistant MprF,WP_001071135.1,AMR,POINT,LIPOPEPTIDE,DAPTOMYCIN,"[""Name"", ""Protein id"", ""Contig id"", ""Start"", ""Stop"", ""Strand"", ""Element symbol"", ""Element name"", ""Scope"", ""Type"", ""Subtype"", ""Class"", ""Subclass"", ""Method"", ""Target length"", ""Reference sequence length"", ""% Coverage of reference"", ""% Identity to reference"", ""Alignment length"", ""Closest reference accession"", ""Closest reference name"", ""HMM accession"", ""HMM description""]"
mutation::mprF::P314L,mutation,mprF,P314L,Staphylococcus aureus daptomycin resistant MprF,WP_001071135.1,AMR,POINT,LIPOPEPTIDE,DAPTOMYCIN,"[""Name"", ""Protein id"", ""Contig id"", ""Start"", ""Stop"", ""Strand"", ""Element symbol"", ""Element name"", ""Scope"", ""Type"", ""Subtype"", ""Class"", ""Subclass"", ""Method"", ""Target length"", ""Reference sequence length"", ""% Coverage of reference"", ""% Identity to reference"", ""Alignment length"", ""Closest reference accession"", ""Closest reference name"", ""HMM accession"", ""HMM description""]"
mutation::mprF::S295L,mutation,mprF,S295L,Staphylococcus aureus daptomycin resistant MprF,WP_001071135.1,AMR,POINT,LIPOPEPTIDE,DAPTOMYCIN,"[""Name"", ""Protein id"", ""Contig id"", ""Start"", ""Stop"", ""Strand"", ""Element symbol"", ""Element name"", ""Scope"", ""Type"", ""Subtype"", ""Class"", ""Subclass"", ""Method"", ""Target length"", ""Reference sequence length"", ""% Coverage of reference"", ""% Identity to reference"", ""Alignment length"", ""Closest reference accession"", ""Closest reference name"", ""HMM accession"", ""HMM description""]"
mutation::mprF::S337L,mutation,mprF,S337L,Staphylococcus aureus daptomycin resistant MprF,WP_001071135.1,AMR,POINT,LIPOPEPTIDE,DAPTOMYCIN,"[""Name"", ""Protein id"", ""Contig id"", ""Start"", ""Stop"", ""Strand"", ""Element symbol"", ""Element name"", ""Scope"", ""Type"", ""Subtype"", ""Class"", ""Subclass"", ""Method"", ""Target length"", ""Reference sequence length"", ""% Coverage of reference"", ""% Identity to reference"", ""Alignment length"", ""Closest reference accession"", ""Closest reference name"", ""HMM accession"", ""HMM description""]"
mutation::mprF::S829L,mutation,mprF,S829L,Staphylococcus aureus daptomycin resistant MprF,WP_001071135.1,AMR,POINT,LIPOPEPTIDE,DAPTOMYCIN,"[""Name"", ""Protein id"", ""Contig id"", ""Start"", ""Stop"", ""Strand"", ""Element symbol"", ""Element name"", ""Scope"", ""Type"", ""Subtype"", ""Class"", ""Subclass"", ""Method"", ""Target length"", ""Reference sequence length"", ""% Coverage of reference"", ""% Identity to reference"", ""Alignment length"", ""Closest reference accession"", ""Closest reference name"", ""HMM accession"", ""HMM description""]"
mutation::mprF::T345A,mutation,mprF,T345A,Staphylococcus aureus daptomycin resistant MprF,WP_001071135.1,AMR,POINT,LIPOPEPTIDE,DAPTOMYCIN,"[""Name"", ""Protein id"", ""Contig id"", ""Start"", ""Stop"", ""Strand"", ""Element symbol"", ""Element name"", ""Scope"", ""Type"", ""Subtype"", ""Class"", ""Subclass"", ""Method"", ""Target length"", ""Reference sequence length"", ""% Coverage of reference"", ""% Identity to reference"", ""Alignment length"", ""Closest reference accession"", ""Closest reference name"", ""HMM accession"", ""HMM description""]"
mutation::mprF::T345I,mutation,mprF,T345I,Staphylococcus aureus daptomycin resistant MprF,WP_001071135.1,AMR,POINT,LIPOPEPTIDE,DAPTOMYCIN,"[""Name"", ""Protein id"", ""Contig id"", ""Start"", ""Stop"", ""Strand"", ""Element symbol"", ""Element name"", ""Scope"", ""Type"", ""Subtype"", ""Class"", ""Subclass"", ""Method"", ""Target length"", ""Reference sequence length"", ""% Coverage of reference"", ""% Identity to reference"", ""Alignment length"", ""Closest reference accession"", ""Closest reference name"", ""HMM accession"", ""HMM description""]"
mutation::mprF::T472K,mutation,mprF,T472K,Staphylococcus aureus daptomycin resistant MprF,WP_001071135.1,AMR,POINT,LIPOPEPTIDE,DAPTOMYCIN,"[""Name"", ""Protein id"", ""Contig id"", ""Start"", ""Stop"", ""Strand"", ""Element symbol"", ""Element name"", ""Scope"", ""Type"", ""Subtype"", ""Class"", ""Subclass"", ""Method"", ""Target length"", ""Reference sequence length"", ""% Coverage of reference"", ""% Identity to reference"", ""Alignment length"", ""Closest reference accession"", ""Closest reference name"", ""HMM accession"", ""HMM description""]"
mutation::murA::D278E,mutation,murA,D278E,Staphylococcus aureus fosfomycin resistant MurA,WP_000358006.1,AMR,POINT,FOSFOMYCIN,FOSFOMYCIN,"[""Name"", ""Protein id"", ""Contig id"", ""Start"", ""Stop"", ""Strand"", ""Element symbol"", ""Element name"", ""Scope"", ""Type"", ""Subtype"", ""Class"", ""Subclass"", ""Method"", ""Target length"", ""Reference sequence length"", ""% Coverage of reference"", ""% Identity to reference"", ""Alignment length"", ""Closest reference accession"", ""Closest reference name"", ""HMM accession"", ""HMM description""]"
mutation::murA::E291D,mutation,murA,E291D,Staphylococcus aureus fosfomycin resistant MurA,WP_000358006.1,AMR,POINT,FOSFOMYCIN,FOSFOMYCIN,"[""Name"", ""Protein id"", ""Contig id"", ""Start"", ""Stop"", ""Strand"", ""Element symbol"", ""Element name"", ""Scope"", ""Type"", ""Subtype"", ""Class"", ""Subclass"", ""Method"", ""Target length"", ""Reference sequence length"", ""% Coverage of reference"", ""% Identity to reference"", ""Alignment length"", ""Closest reference accession"", ""Closest reference name"", ""HMM accession"", ""HMM description""]"
mutation::murA::G257D,mutation,murA,G257D,Staphylococcus aureus fosfomycin resistant MurA,WP_000358006.1,AMR,POINT,FOSFOMYCIN,FOSFOMYCIN,"[""Name"", ""Protein id"", ""Contig id"", ""Start"", ""Stop"", ""Strand"", ""Element symbol"", ""Element name"", ""Scope"", ""Type"", ""Subtype"", ""Class"", ""Subclass"", ""Method"", ""Target length"", ""Reference sequence length"", ""% Coverage of reference"", ""% Identity to reference"", ""Alignment length"", ""Closest reference accession"", ""Closest reference name"", ""HMM accession"", ""HMM description""]"
mutation::murA::T396N,mutation,murA,T396N,Staphylococcus aureus fosfomycin resistant MurA,WP_000358006.1,AMR,POINT,FOSFOMYCIN,FOSFOMYCIN,"[""Name"", ""Protein id"", ""Contig id"", ""Start"", ""Stop"", ""Strand"", ""Element symbol"", ""Element name"", ""Scope"", ""Type"", ""Subtype"", ""Class"", ""Subclass"", ""Method"", ""Target length"", ""Reference sequence length"", ""% Coverage of reference"", ""% Identity to reference"", ""Alignment length"", ""Closest reference accession"", ""Closest reference name"", ""HMM accession"", ""HMM description""]"
mutation::parC::E84G,mutation,parC,E84G,Staphylococcus aureus quinolone resistant ParC,WP_001289586.1,AMR,POINT,QUINOLONE,QUINOLONE,"[""Name"", ""Protein id"", ""Contig id"", ""Start"", ""Stop"", ""Strand"", ""Element symbol"", ""Element name"", ""Scope"", ""Type"", ""Subtype"", ""Class"", ""Subclass"", ""Method"", ""Target length"", ""Reference sequence length"", ""% Coverage of reference"", ""% Identity to reference"", ""Alignment length"", ""Closest reference accession"", ""Closest reference name"", ""HMM accession"", ""HMM description""]"
mutation::parC::E84K,mutation,parC,E84K,Staphylococcus aureus quinolone resistant ParC,WP_001289586.1,AMR,POINT,QUINOLONE,QUINOLONE,"[""Name"", ""Protein id"", ""Contig id"", ""Start"", ""Stop"", ""Strand"", ""Element symbol"", ""Element name"", ""Scope"", ""Type"", ""Subtype"", ""Class"", ""Subclass"", ""Method"", ""Target length"", ""Reference sequence length"", ""% Coverage of reference"", ""% Identity to reference"", ""Alignment length"", ""Closest reference accession"", ""Closest reference name"", ""HMM accession"", ""HMM description""]"
mutation::parC::E84V,mutation,parC,E84V,Staphylococcus aureus quinolone resistant ParC,WP_001289586.1,AMR,POINT,QUINOLONE,QUINOLONE,"[""Name"", ""Protein id"", ""Contig id"", ""Start"", ""Stop"", ""Strand"", ""Element symbol"", ""Element name"", ""Scope"", ""Type"", ""Subtype"", ""Class"", ""Subclass"", ""Method"", ""Target length"", ""Reference sequence length"", ""% Coverage of reference"", ""% Identity to reference"", ""Alignment length"", ""Closest reference accession"", ""Closest reference name"", ""HMM accession"", ""HMM description""]"
mutation::parC::S80F,mutation,parC,S80F,Staphylococcus aureus quinolone resistant ParC,WP_001289586.1,AMR,POINT,QUINOLONE,QUINOLONE,"[""Name"", ""Protein id"", ""Contig id"", ""Start"", ""Stop"", ""Strand"", ""Element symbol"", ""Element name"", ""Scope"", ""Type"", ""Subtype"", ""Class"", ""Subclass"", ""Method"", ""Target length"", ""Reference sequence length"", ""% Coverage of reference"", ""% Identity to reference"", ""Alignment length"", ""Closest reference accession"", ""Closest reference name"", ""HMM accession"", ""HMM description""]"
mutation::parC::S80Y,mutation,parC,S80Y,Staphylococcus aureus quinolone resistant ParC,WP_001289586.1,AMR,POINT,QUINOLONE,QUINOLONE,"[""Name"", ""Protein id"", ""Contig id"", ""Start"", ""Stop"", ""Strand"", ""Element symbol"", ""Element name"", ""Scope"", ""Type"", ""Subtype"", ""Class"", ""Subclass"", ""Method"", ""Target length"", ""Reference sequence length"", ""% Coverage of reference"", ""% Identity to reference"", ""Alignment length"", ""Closest reference accession"", ""Closest reference name"", ""HMM accession"", ""HMM description""]"
mutation::parE::D432H,mutation,parE,D432H,Staphylococcus aureus quinolone resistant ParE,WP_001837315.1,AMR,POINT,QUINOLONE,QUINOLONE,"[""Name"", ""Protein id"", ""Contig id"", ""Start"", ""Stop"", ""Strand"", ""Element symbol"", ""Element name"", ""Scope"", ""Type"", ""Subtype"", ""Class"", ""Subclass"", ""Method"", ""Target length"", ""Reference sequence length"", ""% Coverage of reference"", ""% Identity to reference"", ""Alignment length"", ""Closest reference accession"", ""Closest reference name"", ""HMM accession"", ""HMM description""]"
mutation::parE::D432N,mutation,parE,D432N,Staphylococcus aureus quinolone resistant ParE,WP_001837315.1,AMR,POINT,QUINOLONE,QUINOLONE,"[""Name"", ""Protein id"", ""Contig id"", ""Start"", ""Stop"", ""Strand"", ""Element symbol"", ""Element name"", ""Scope"", ""Type"", ""Subtype"", ""Class"", ""Subclass"", ""Method"", ""Target length"", ""Reference sequence length"", ""% Coverage of reference"", ""% Identity to reference"", ""Alignment length"", ""Closest reference accession"", ""Closest reference name"", ""HMM accession"", ""HMM description""]"
mutation::parE::D432V,mutation,parE,D432V,Staphylococcus aureus quinolone resistant ParE,WP_001837315.1,AMR,POINT,QUINOLONE,QUINOLONE,"[""Name"", ""Protein id"", ""Contig id"", ""Start"", ""Stop"", ""Strand"", ""Element symbol"", ""Element name"", ""Scope"", ""Type"", ""Subtype"", ""Class"", ""Subclass"", ""Method"", ""Target length"", ""Reference sequence length"", ""% Coverage of reference"", ""% Identity to reference"", ""Alignment length"", ""Closest reference accession"", ""Closest reference name"", ""HMM accession"", ""HMM description""]"
mutation::parE::P451S,mutation,parE,P451S,Staphylococcus aureus quinolone resistant ParE,WP_001837315.1,AMR,POINT,QUINOLONE,QUINOLONE,"[""Name"", ""Protein id"", ""Contig id"", ""Start"", ""Stop"", ""Strand"", ""Element symbol"", ""Element name"", ""Scope"", ""Type"", ""Subtype"", ""Class"", ""Subclass"", ""Method"", ""Target length"", ""Reference sequence length"", ""% Coverage of reference"", ""% Identity to reference"", ""Alignment length"", ""Closest reference accession"", ""Closest reference name"", ""HMM accession"", ""HMM description""]"
mutation::parE::P585S,mutation,parE,P585S,Staphylococcus aureus quinolone resistant ParE,WP_001837315.1,AMR,POINT,QUINOLONE,QUINOLONE,"[""Name"", ""Protein id"", ""Contig id"", ""Start"", ""Stop"", ""Strand"", ""Element symbol"", ""Element name"", ""Scope"", ""Type"", ""Subtype"", ""Class"", ""Subclass"", ""Method"", ""Target length"", ""Reference sequence length"", ""% Coverage of reference"", ""% Identity to reference"", ""Alignment length"", ""Closest reference accession"", ""Closest reference name"", ""HMM accession"", ""HMM description""]"
mutation::pbp4::E218K,mutation,pbp4,E218K,Staphylococcus aureus cephalosporin resistant Pbp4,WP_123090655.1,AMR,POINT,BETA-LACTAM,CEPHALOSPORIN,"[""Name"", ""Protein id"", ""Contig id"", ""Start"", ""Stop"", ""Strand"", ""Element symbol"", ""Element name"", ""Scope"", ""Type"", ""Subtype"", ""Class"", ""Subclass"", ""Method"", ""Target length"", ""Reference sequence length"", ""% Coverage of reference"", ""% Identity to reference"", ""Alignment length"", ""Closest reference accession"", ""Closest reference name"", ""HMM accession"", ""HMM description""]"
mutation::pbp4::R200L,mutation,pbp4,R200L,Staphylococcus aureus cephalosporin resistant Pbp4,WP_123090655.1,AMR,POINT,BETA-LACTAM,CEPHALOSPORIN,"[""Name"", ""Protein id"", ""Contig id"", ""Start"", ""Stop"", ""Strand"", ""Element symbol"", ""Element name"", ""Scope"", ""Type"", ""Subtype"", ""Class"", ""Subclass"", ""Method"", ""Target length"", ""Reference sequence length"", ""% Coverage of reference"", ""% Identity to reference"", ""Alignment length"", ""Closest reference accession"", ""Closest reference name"", ""HMM accession"", ""HMM description""]"
mutation::rplC::G152D,mutation,rplC,G152D,Staphylococcus aureus linezolid resistant RplC,WP_000160212.1,AMR,POINT,OXAZOLIDINONE,LINEZOLID,"[""Name"", ""Protein id"", ""Contig id"", ""Start"", ""Stop"", ""Strand"", ""Element symbol"", ""Element name"", ""Scope"", ""Type"", ""Subtype"", ""Class"", ""Subclass"", ""Method"", ""Target length"", ""Reference sequence length"", ""% Coverage of reference"", ""% Identity to reference"", ""Alignment length"", ""Closest reference accession"", ""Closest reference name"", ""HMM accession"", ""HMM description""]"
mutation::rpoB::A477D,mutation,rpoB,A477D,Staphylococcus aureus rifampin resistant RpoB,WP_000918664.1,AMR,POINT,RIFAMYCIN,RIFAMPIN,"[""Name"", ""Protein id"", ""Contig id"", ""Start"", ""Stop"", ""Strand"", ""Element symbol"", ""Element name"", ""Scope"", ""Type"", ""Subtype"", ""Class"", ""Subclass"", ""Method"", ""Target length"", ""Reference sequence length"", ""% Coverage of reference"", ""% Identity to reference"", ""Alignment length"", ""Closest reference accession"", ""Closest reference name"", ""HMM accession"", ""HMM description""]"
mutation::rpoB::D471E,mutation,rpoB,D471E,Staphylococcus aureus rifampin resistant RpoB,WP_000918664.1,AMR,POINT,RIFAMYCIN,RIFAMPIN,"[""Name"", ""Protein id"", ""Contig id"", ""Start"", ""Stop"", ""Strand"", ""Element symbol"", ""Element name"", ""Scope"", ""Type"", ""Subtype"", ""Class"", ""Subclass"", ""Method"", ""Target length"", ""Reference sequence length"", ""% Coverage of reference"", ""% Identity to reference"", ""Alignment length"", ""Closest reference accession"", ""Closest reference name"", ""HMM accession"", ""HMM description""]"
mutation::rpoB::D471G,mutation,rpoB,D471G,Staphylococcus aureus rifampin resistant RpoB,WP_000918664.1,AMR,POINT,RIFAMYCIN,RIFAMPIN,"[""Name"", ""Protein id"", ""Contig id"", ""Start"", ""Stop"", ""Strand"", ""Element symbol"", ""Element name"", ""Scope"", ""Type"", ""Subtype"", ""Class"", ""Subclass"", ""Method"", ""Target length"", ""Reference sequence length"", ""% Coverage of reference"", ""% Identity to reference"", ""Alignment length"", ""Closest reference accession"", ""Closest reference name"", ""HMM accession"", ""HMM description""]"
mutation::rpoB::D471Y,mutation,rpoB,D471Y,Staphylococcus aureus rifampin resistant RpoB,WP_000918664.1,AMR,POINT,RIFAMYCIN,RIFAMPIN,"[""Name"", ""Protein id"", ""Contig id"", ""Start"", ""Stop"", ""Strand"", ""Element symbol"", ""Element name"", ""Scope"", ""Type"", ""Subtype"", ""Class"", ""Subclass"", ""Method"", ""Target length"", ""Reference sequence length"", ""% Coverage of reference"", ""% Identity to reference"", ""Alignment length"", ""Closest reference accession"", ""Closest reference name"", ""HMM accession"", ""HMM description""]"
mutation::rpoB::H481N,mutation,rpoB,H481N,Staphylococcus aureus rifampin resistant RpoB,WP_000918664.1,AMR,POINT,RIFAMYCIN,RIFAMPIN,"[""Name"", ""Protein id"", ""Contig id"", ""Start"", ""Stop"", ""Strand"", ""Element symbol"", ""Element name"", ""Scope"", ""Type"", ""Subtype"", ""Class"", ""Subclass"", ""Method"", ""Target length"", ""Reference sequence length"", ""% Coverage of reference"", ""% Identity to reference"", ""Alignment length"", ""Closest reference accession"", ""Closest reference name"", ""HMM accession"", ""HMM description""]"
mutation::rpoB::H481Y,mutation,rpoB,H481Y,Staphylococcus aureus rifampin resistant RpoB,WP_000918664.1,AMR,POINT,RIFAMYCIN,RIFAMPIN,"[""Name"", ""Protein id"", ""Contig id"", ""Start"", ""Stop"", ""Strand"", ""Element symbol"", ""Element name"", ""Scope"", ""Type"", ""Subtype"", ""Class"", ""Subclass"", ""Method"", ""Target length"", ""Reference sequence length"", ""% Coverage of reference"", ""% Identity to reference"", ""Alignment length"", ""Closest reference accession"", ""Closest reference name"", ""HMM accession"", ""HMM description""]"
mutation::rpoB::I527M,mutation,rpoB,I527M,Staphylococcus aureus rifampin resistant RpoB,WP_000918664.1,AMR,POINT,RIFAMYCIN,RIFAMPIN,"[""Name"", ""Protein id"", ""Contig id"", ""Start"", ""Stop"", ""Strand"", ""Element symbol"", ""Element name"", ""Scope"", ""Type"", ""Subtype"", ""Class"", ""Subclass"", ""Method"", ""Target length"", ""Reference sequence length"", ""% Coverage of reference"", ""% Identity to reference"", ""Alignment length"", ""Closest reference accession"", ""Closest reference name"", ""HMM accession"", ""HMM description""]"
mutation::rpoB::L466S,mutation,rpoB,L466S,Staphylococcus aureus rifampin resistant RpoB,WP_000918664.1,AMR,POINT,RIFAMYCIN,RIFAMPIN,"[""Name"", ""Protein id"", ""Contig id"", ""Start"", ""Stop"", ""Strand"", ""Element symbol"", ""Element name"", ""Scope"", ""Type"", ""Subtype"", ""Class"", ""Subclass"", ""Method"", ""Target length"", ""Reference sequence length"", ""% Coverage of reference"", ""% Identity to reference"", ""Alignment length"", ""Closest reference accession"", ""Closest reference name"", ""HMM accession"", ""HMM description""]"
mutation::rpoB::Q468K,mutation,rpoB,Q468K,Staphylococcus aureus rifampin resistant RpoB,WP_000918664.1,AMR,POINT,RIFAMYCIN,RIFAMPIN,"[""Name"", ""Protein id"", ""Contig id"", ""Start"", ""Stop"", ""Strand"", ""Element symbol"", ""Element name"", ""Scope"", ""Type"", ""Subtype"", ""Class"", ""Subclass"", ""Method"", ""Target length"", ""Reference sequence length"", ""% Coverage of reference"", ""% Identity to reference"", ""Alignment length"", ""Closest reference accession"", ""Closest reference name"", ""HMM accession"", ""HMM description""]"
mutation::rpoB::Q468L,mutation,rpoB,Q468L,Staphylococcus aureus rifampin resistant RpoB,WP_000918664.1,AMR,POINT,RIFAMYCIN,RIFAMPIN,"[""Name"", ""Protein id"", ""Contig id"", ""Start"", ""Stop"", ""Strand"", ""Element symbol"", ""Element name"", ""Scope"", ""Type"", ""Subtype"", ""Class"", ""Subclass"", ""Method"", ""Target length"", ""Reference sequence length"", ""% Coverage of reference"", ""% Identity to reference"", ""Alignment length"", ""Closest reference accession"", ""Closest reference name"", ""HMM accession"", ""HMM description""]"
mutation::rpoB::R484H,mutation,rpoB,R484H,Staphylococcus aureus rifampin resistant RpoB,WP_000918664.1,AMR,POINT,RIFAMYCIN,RIFAMPIN,"[""Name"", ""Protein id"", ""Contig id"", ""Start"", ""Stop"", ""Strand"", ""Element symbol"", ""Element name"", ""Scope"", ""Type"", ""Subtype"", ""Class"", ""Subclass"", ""Method"", ""Target length"", ""Reference sequence length"", ""% Coverage of reference"", ""% Identity to reference"", ""Alignment length"", ""Closest reference accession"", ""Closest reference name"", ""HMM accession"", ""HMM description""]"
mutation::rpoB::S464P,mutation,rpoB,S464P,Staphylococcus aureus rifampin resistant RpoB,WP_000918664.1,AMR,POINT,RIFAMYCIN,RIFAMPIN,"[""Name"", ""Protein id"", ""Contig id"", ""Start"", ""Stop"", ""Strand"", ""Element symbol"", ""Element name"", ""Scope"", ""Type"", ""Subtype"", ""Class"", ""Subclass"", ""Method"", ""Target length"", ""Reference sequence length"", ""% Coverage of reference"", ""% Identity to reference"", ""Alignment length"", ""Closest reference accession"", ""Closest reference name"", ""HMM accession"", ""HMM description""]"
mutation::rpoB::S486L,mutation,rpoB,S486L,Staphylococcus aureus rifampin resistant RpoB,WP_000918664.1,AMR,POINT,RIFAMYCIN,RIFAMPIN,"[""Name"", ""Protein id"", ""Contig id"", ""Start"", ""Stop"", ""Strand"", ""Element symbol"", ""Element name"", ""Scope"", ""Type"", ""Subtype"", ""Class"", ""Subclass"", ""Method"", ""Target length"", ""Reference sequence length"", ""% Coverage of reference"", ""% Identity to reference"", ""Alignment length"", ""Closest reference accession"", ""Closest reference name"", ""HMM accession"", ""HMM description""]"
mutation::rpoB::S529L,mutation,rpoB,S529L,Staphylococcus aureus rifampin resistant RpoB,WP_000918664.1,AMR,POINT,RIFAMYCIN,RIFAMPIN,"[""Name"", ""Protein id"", ""Contig id"", ""Start"", ""Stop"", ""Strand"", ""Element symbol"", ""Element name"", ""Scope"", ""Type"", ""Subtype"", ""Class"", ""Subclass"", ""Method"", ""Target length"", ""Reference sequence length"", ""% Coverage of reference"", ""% Identity to reference"", ""Alignment length"", ""Closest reference accession"", ""Closest reference name"", ""HMM accession"", ""HMM description""]"
mutation::rpsJ::K57M,mutation,rpsJ,K57M,Staphylococcus aureus tigecycline resistant RpsJ,WP_001118667.1,AMR,POINT,TETRACYCLINE,TIGECYCLINE,"[""Name"", ""Protein id"", ""Contig id"", ""Start"", ""Stop"", ""Strand"", ""Element symbol"", ""Element name"", ""Scope"", ""Type"", ""Subtype"", ""Class"", ""Subclass"", ""Method"", ""Target length"", ""Reference sequence length"", ""% Coverage of reference"", ""% Identity to reference"", ""Alignment length"", ""Closest reference accession"", ""Closest reference name"", ""HMM accession"", ""HMM description""]"
mutation::rpsJ::KY57MF,mutation,rpsJ,KY57MF,Staphylococcus aureus tigecycline resistant RpsJ,WP_001118667.1,AMR,POINT,TETRACYCLINE,TIGECYCLINE,"[""Name"", ""Protein id"", ""Contig id"", ""Start"", ""Stop"", ""Strand"", ""Element symbol"", ""Element name"", ""Scope"", ""Type"", ""Subtype"", ""Class"", ""Subclass"", ""Method"", ""Target length"", ""Reference sequence length"", ""% Coverage of reference"", ""% Identity to reference"", ""Alignment length"", ""Closest reference accession"", ""Closest reference name"", ""HMM accession"", ""HMM description""]"
mutation::rpsJ::Y58D,mutation,rpsJ,Y58D,Staphylococcus aureus tigecycline resistant RpsJ,WP_001118667.1,AMR,POINT,TETRACYCLINE,TIGECYCLINE,"[""Name"", ""Protein id"", ""Contig id"", ""Start"", ""Stop"", ""Strand"", ""Element symbol"", ""Element name"", ""Scope"", ""Type"", ""Subtype"", ""Class"", ""Subclass"", ""Method"", ""Target length"", ""Reference sequence length"", ""% Coverage of reference"", ""% Identity to reference"", ""Alignment length"", ""Closest reference accession"", ""Closest reference name"", ""HMM accession"", ""HMM description""]"
mutation::uhpT::E302TerfsTer0,mutation,uhpT,E302TerfsTer0,Staphylococcus aureus fosfomycin resistant UhpT,WP_001008722.1,AMR,POINT_DISRUPT,FOSFOMYCIN,FOSFOMYCIN,"[""Name"", ""Protein id"", ""Contig id"", ""Start"", ""Stop"", ""Strand"", ""Element symbol"", ""Element name"", ""Scope"", ""Type"", ""Subtype"", ""Class"", ""Subclass"", ""Method"", ""Target length"", ""Reference sequence length"", ""% Coverage of reference"", ""% Identity to reference"", ""Alignment length"", ""Closest reference accession"", ""Closest reference name"", ""HMM accession"", ""HMM description""]"
mutation::uhpT::Q240Ter,mutation,uhpT,Q240Ter,Staphylococcus aureus fosfomycin resistant UhpT,WP_001008722.1,AMR,POINT_DISRUPT,FOSFOMYCIN,FOSFOMYCIN,"[""Name"", ""Protein id"", ""Contig id"", ""Start"", ""Stop"", ""Strand"", ""Element symbol"", ""Element name"", ""Scope"", ""Type"", ""Subtype"", ""Class"", ""Subclass"", ""Method"", ""Target length"", ""Reference sequence length"", ""% Coverage of reference"", ""% Identity to reference"", ""Alignment length"", ""Closest reference accession"", ""Closest reference name"", ""HMM accession"", ""HMM description""]"
mutation::uhpT::W221Ter,mutation,uhpT,W221Ter,Staphylococcus aureus fosfomycin resistant UhpT,WP_001008722.1,AMR,POINT_DISRUPT,FOSFOMYCIN,FOSFOMYCIN,"[""Name"", ""Protein id"", ""Contig id"", ""Start"", ""Stop"", ""Strand"", ""Element symbol"", ""Element name"", ""Scope"", ""Type"", ""Subtype"", ""Class"", ""Subclass"", ""Method"", ""Target length"", ""Reference sequence length"", ""% Coverage of reference"", ""% Identity to reference"", ""Alignment length"", ""Closest reference accession"", ""Closest reference name"", ""HMM accession"", ""HMM description""]"
mutation::walK::R263C,mutation,walK,R263C,Staphylococcus aureus daptomycin resistant WalK,WP_000871610.1,AMR,POINT,LIPOPEPTIDE,DAPTOMYCIN,"[""Name"", ""Protein id"", ""Contig id"", ""Start"", ""Stop"", ""Strand"", ""Element symbol"", ""Element name"", ""Scope"", ""Type"", ""Subtype"", ""Class"", ""Subclass"", ""Method"", ""Target length"", ""Reference sequence length"", ""% Coverage of reference"", ""% Identity to reference"", ""Alignment length"", ""Closest reference accession"", ""Closest reference name"", ""HMM accession"", ""HMM description""]"
mutation::walK::S221P,mutation,walK,S221P,Staphylococcus aureus daptomycin resistant WalK,WP_000871610.1,AMR,POINT,LIPOPEPTIDE,DAPTOMYCIN,"[""Name"", ""Protein id"", ""Contig id"", ""Start"", ""Stop"", ""Strand"", ""Element symbol"", ""Element name"", ""Scope"", ""Type"", ""Subtype"", ""Class"", ""Subclass"", ""Method"", ""Target length"", ""Reference sequence length"", ""% Coverage of reference"", ""% Identity to reference"", ""Alignment length"", ""Closest reference accession"", ""Closest reference name"", ""HMM accession"", ""HMM description""]"
